-- MySQL dump 10.13  Distrib 5.7.29, for Linux (x86_64)
--
-- Host: localhost    Database: hungerrasoi
-- ------------------------------------------------------
-- Server version	5.7.29

/*!40101 SET @OLD_CHARACTER_SET_CLIENT=@@CHARACTER_SET_CLIENT */;
/*!40101 SET @OLD_CHARACTER_SET_RESULTS=@@CHARACTER_SET_RESULTS */;
/*!40101 SET @OLD_COLLATION_CONNECTION=@@COLLATION_CONNECTION */;
/*!40101 SET NAMES utf8 */;
/*!40103 SET @OLD_TIME_ZONE=@@TIME_ZONE */;
/*!40103 SET TIME_ZONE='+00:00' */;
/*!40014 SET @OLD_UNIQUE_CHECKS=@@UNIQUE_CHECKS, UNIQUE_CHECKS=0 */;
/*!40014 SET @OLD_FOREIGN_KEY_CHECKS=@@FOREIGN_KEY_CHECKS, FOREIGN_KEY_CHECKS=0 */;
/*!40101 SET @OLD_SQL_MODE=@@SQL_MODE, SQL_MODE='NO_AUTO_VALUE_ON_ZERO' */;
/*!40111 SET @OLD_SQL_NOTES=@@SQL_NOTES, SQL_NOTES=0 */;

--
-- Table structure for table `blocks`
--

DROP TABLE IF EXISTS `blocks`;
/*!40101 SET @saved_cs_client     = @@character_set_client */;
/*!40101 SET character_set_client = utf8 */;
CREATE TABLE `blocks` (
  `id` bigint(20) unsigned NOT NULL AUTO_INCREMENT,
  `name` varchar(255) COLLATE utf8_unicode_ci NOT NULL,
  `created_at` timestamp NULL DEFAULT NULL,
  `updated_at` timestamp NULL DEFAULT NULL,
  PRIMARY KEY (`id`)
) ENGINE=InnoDB AUTO_INCREMENT=17 DEFAULT CHARSET=utf8 COLLATE=utf8_unicode_ci;
/*!40101 SET character_set_client = @saved_cs_client */;

--
-- Dumping data for table `blocks`
--

LOCK TABLES `blocks` WRITE;
/*!40000 ALTER TABLE `blocks` DISABLE KEYS */;
INSERT INTO `blocks` VALUES (15,'PMEC','2020-02-18 11:50:05','2020-02-18 11:50:05'),(16,'Narendrapur','2020-02-21 12:36:11','2020-02-21 12:36:11');
/*!40000 ALTER TABLE `blocks` ENABLE KEYS */;
UNLOCK TABLES;

--
-- Table structure for table `cake_weights`
--

DROP TABLE IF EXISTS `cake_weights`;
/*!40101 SET @saved_cs_client     = @@character_set_client */;
/*!40101 SET character_set_client = utf8 */;
CREATE TABLE `cake_weights` (
  `product_id` int(10) unsigned DEFAULT NULL,
  `weight_id` int(10) unsigned DEFAULT NULL,
  KEY `cake_weights_product_id_foreign` (`product_id`),
  KEY `cake_weights_weight_id_foreign` (`weight_id`)
) ENGINE=MyISAM DEFAULT CHARSET=utf8mb4 COLLATE=utf8mb4_unicode_ci;
/*!40101 SET character_set_client = @saved_cs_client */;

--
-- Dumping data for table `cake_weights`
--

LOCK TABLES `cake_weights` WRITE;
/*!40000 ALTER TABLE `cake_weights` DISABLE KEYS */;
/*!40000 ALTER TABLE `cake_weights` ENABLE KEYS */;
UNLOCK TABLES;

--
-- Table structure for table `categories`
--

DROP TABLE IF EXISTS `categories`;
/*!40101 SET @saved_cs_client     = @@character_set_client */;
/*!40101 SET character_set_client = utf8 */;
CREATE TABLE `categories` (
  `id` int(10) unsigned NOT NULL AUTO_INCREMENT,
  `parent_id` int(10) unsigned DEFAULT NULL,
  `order` int(11) NOT NULL DEFAULT '1',
  `name` varchar(255) COLLATE utf8_unicode_ci NOT NULL,
  `slug` varchar(255) COLLATE utf8_unicode_ci NOT NULL,
  `created_at` timestamp NULL DEFAULT NULL,
  `updated_at` timestamp NULL DEFAULT NULL,
  PRIMARY KEY (`id`),
  UNIQUE KEY `categories_slug_unique` (`slug`),
  KEY `categories_parent_id_foreign` (`parent_id`),
  CONSTRAINT `categories_parent_id_foreign` FOREIGN KEY (`parent_id`) REFERENCES `categories` (`id`) ON DELETE SET NULL ON UPDATE CASCADE
) ENGINE=InnoDB DEFAULT CHARSET=utf8 COLLATE=utf8_unicode_ci;
/*!40101 SET character_set_client = @saved_cs_client */;

--
-- Dumping data for table `categories`
--

LOCK TABLES `categories` WRITE;
/*!40000 ALTER TABLE `categories` DISABLE KEYS */;
/*!40000 ALTER TABLE `categories` ENABLE KEYS */;
UNLOCK TABLES;

--
-- Table structure for table `category`
--

DROP TABLE IF EXISTS `category`;
/*!40101 SET @saved_cs_client     = @@character_set_client */;
/*!40101 SET character_set_client = utf8 */;
CREATE TABLE `category` (
  `id` int(10) unsigned NOT NULL AUTO_INCREMENT,
  `name` varchar(255) COLLATE utf8_unicode_ci NOT NULL,
  `slug` varchar(255) COLLATE utf8_unicode_ci NOT NULL,
  `created_at` timestamp NULL DEFAULT NULL,
  `updated_at` timestamp NULL DEFAULT NULL,
  PRIMARY KEY (`id`),
  UNIQUE KEY `category_name_unique` (`name`),
  UNIQUE KEY `category_slug_unique` (`slug`)
) ENGINE=InnoDB AUTO_INCREMENT=13 DEFAULT CHARSET=utf8 COLLATE=utf8_unicode_ci;
/*!40101 SET character_set_client = @saved_cs_client */;

--
-- Dumping data for table `category`
--

LOCK TABLES `category` WRITE;
/*!40000 ALTER TABLE `category` DISABLE KEYS */;
INSERT INTO `category` VALUES (10,'PMEC Specials','pmec-specials','2020-02-13 02:54:07','2020-02-13 02:54:07'),(11,'Cold Drinks','cold-drinks','2020-03-02 01:10:28','2020-03-08 17:46:16'),(12,'Bakery','bakery','2020-03-19 00:01:29','2021-01-29 19:32:19');
/*!40000 ALTER TABLE `category` ENABLE KEYS */;
UNLOCK TABLES;

--
-- Table structure for table `category_product`
--

DROP TABLE IF EXISTS `category_product`;
/*!40101 SET @saved_cs_client     = @@character_set_client */;
/*!40101 SET character_set_client = utf8 */;
CREATE TABLE `category_product` (
  `id` int(10) unsigned NOT NULL AUTO_INCREMENT,
  `product_id` int(10) unsigned DEFAULT NULL,
  `category_id` int(10) unsigned DEFAULT NULL,
  `created_at` timestamp NULL DEFAULT NULL,
  `updated_at` timestamp NULL DEFAULT NULL,
  PRIMARY KEY (`id`),
  KEY `category_product_product_id_foreign` (`product_id`),
  KEY `category_product_category_id_foreign` (`category_id`),
  CONSTRAINT `category_product_category_id_foreign` FOREIGN KEY (`category_id`) REFERENCES `category` (`id`) ON DELETE CASCADE,
  CONSTRAINT `category_product_product_id_foreign` FOREIGN KEY (`product_id`) REFERENCES `products` (`id`) ON DELETE CASCADE
) ENGINE=InnoDB AUTO_INCREMENT=350 DEFAULT CHARSET=utf8 COLLATE=utf8_unicode_ci;
/*!40101 SET character_set_client = @saved_cs_client */;

--
-- Dumping data for table `category_product`
--

LOCK TABLES `category_product` WRITE;
/*!40000 ALTER TABLE `category_product` DISABLE KEYS */;
INSERT INTO `category_product` VALUES (264,89,11,'2020-03-08 19:32:09','2020-03-08 19:32:09'),(266,90,11,'2020-03-08 19:34:43','2020-03-08 19:34:43'),(268,91,11,'2020-03-08 19:44:35','2020-03-08 19:44:35'),(269,92,11,'2020-03-08 19:47:18','2020-03-08 19:47:18'),(271,86,10,'2020-03-13 22:26:13','2020-03-13 22:26:13'),(272,87,10,'2020-03-13 22:26:33','2020-03-13 22:26:33'),(286,93,11,'2020-03-19 02:01:52','2020-03-19 02:01:52'),(289,88,11,'2020-03-20 23:53:25','2020-03-20 23:53:25'),(296,98,12,'2020-03-21 22:40:29','2020-03-21 22:40:29'),(297,99,12,'2020-03-21 22:40:55','2020-03-21 22:40:55'),(298,101,12,'2020-03-21 22:41:18','2020-03-21 22:41:18'),(301,103,12,'2020-03-21 22:50:41','2020-03-21 22:50:41'),(303,104,12,'2020-03-21 22:55:13','2020-03-21 22:55:13'),(304,105,12,'2020-03-21 23:01:30','2020-03-21 23:01:30'),(305,106,12,'2020-03-21 23:09:06','2020-03-21 23:09:06'),(306,107,12,'2020-03-21 23:11:46','2020-03-21 23:11:46'),(310,109,12,'2020-03-21 23:23:42','2020-03-21 23:23:42'),(311,108,12,'2020-03-21 23:24:35','2020-03-21 23:24:35'),(312,110,12,'2020-03-21 23:26:33','2020-03-21 23:26:33'),(313,111,12,'2020-03-21 23:29:10','2020-03-21 23:29:10'),(314,102,12,'2020-03-21 23:30:34','2020-03-21 23:30:34'),(320,115,12,'2020-03-21 23:47:19','2020-03-21 23:47:19'),(322,112,12,'2020-03-21 23:48:10','2020-03-21 23:48:10'),(323,113,12,'2020-03-21 23:48:33','2020-03-21 23:48:33'),(324,114,12,'2020-03-21 23:49:48','2020-03-21 23:49:48'),(328,119,12,'2020-03-22 01:03:46','2020-03-22 01:03:46'),(329,120,12,'2020-03-22 01:06:01','2020-03-22 01:06:01'),(330,118,12,'2020-03-22 01:08:48','2020-03-22 01:08:48'),(331,121,12,'2020-03-22 01:14:00','2020-03-22 01:14:00'),(332,122,12,'2020-03-22 01:16:52','2020-03-22 01:16:52'),(336,124,12,'2020-03-22 01:25:47','2020-03-22 01:25:47'),(337,125,12,'2020-03-22 01:28:13','2020-03-22 01:28:13'),(338,123,12,'2020-03-22 01:29:05','2020-03-22 01:29:05'),(340,127,12,'2020-03-22 01:35:07','2020-03-22 01:35:07'),(341,128,12,'2020-03-22 01:41:52','2020-03-22 01:41:52'),(342,126,12,'2020-03-22 01:42:09','2020-03-22 01:42:09'),(343,129,12,'2020-03-22 01:44:01','2020-03-22 01:44:01'),(344,130,12,'2020-03-22 01:46:00','2020-03-22 01:46:00'),(345,131,12,'2020-03-22 01:49:39','2020-03-22 01:49:39'),(346,132,12,'2020-03-22 01:51:56','2020-03-22 01:51:56'),(348,117,12,'2020-03-22 19:13:49','2020-03-22 19:13:49'),(349,116,12,'2020-03-22 19:14:46','2020-03-22 19:14:46');
/*!40000 ALTER TABLE `category_product` ENABLE KEYS */;
UNLOCK TABLES;

--
-- Table structure for table `coupons`
--

DROP TABLE IF EXISTS `coupons`;
/*!40101 SET @saved_cs_client     = @@character_set_client */;
/*!40101 SET character_set_client = utf8 */;
CREATE TABLE `coupons` (
  `id` int(10) unsigned NOT NULL AUTO_INCREMENT,
  `code` varchar(255) COLLATE utf8_unicode_ci NOT NULL,
  `type` varchar(255) COLLATE utf8_unicode_ci NOT NULL,
  `value` int(11) DEFAULT NULL,
  `percent_off` int(11) DEFAULT NULL,
  `created_at` timestamp NULL DEFAULT NULL,
  `updated_at` timestamp NULL DEFAULT NULL,
  PRIMARY KEY (`id`),
  UNIQUE KEY `coupons_code_unique` (`code`)
) ENGINE=InnoDB AUTO_INCREMENT=4 DEFAULT CHARSET=utf8 COLLATE=utf8_unicode_ci;
/*!40101 SET character_set_client = @saved_cs_client */;

--
-- Dumping data for table `coupons`
--

LOCK TABLES `coupons` WRITE;
/*!40000 ALTER TABLE `coupons` DISABLE KEYS */;
INSERT INTO `coupons` VALUES (3,'off20','percent',NULL,20,'2019-11-28 02:13:26','2019-11-28 02:24:00');
/*!40000 ALTER TABLE `coupons` ENABLE KEYS */;
UNLOCK TABLES;

--
-- Table structure for table `data_rows`
--

DROP TABLE IF EXISTS `data_rows`;
/*!40101 SET @saved_cs_client     = @@character_set_client */;
/*!40101 SET character_set_client = utf8 */;
CREATE TABLE `data_rows` (
  `id` int(10) unsigned NOT NULL AUTO_INCREMENT,
  `data_type_id` int(10) unsigned NOT NULL,
  `field` varchar(255) COLLATE utf8_unicode_ci NOT NULL,
  `type` varchar(255) COLLATE utf8_unicode_ci NOT NULL,
  `display_name` varchar(255) COLLATE utf8_unicode_ci NOT NULL,
  `required` tinyint(1) NOT NULL DEFAULT '0',
  `browse` tinyint(1) NOT NULL DEFAULT '1',
  `read` tinyint(1) NOT NULL DEFAULT '1',
  `edit` tinyint(1) NOT NULL DEFAULT '1',
  `add` tinyint(1) NOT NULL DEFAULT '1',
  `delete` tinyint(1) NOT NULL DEFAULT '1',
  `details` text COLLATE utf8_unicode_ci,
  `order` int(11) NOT NULL DEFAULT '1',
  PRIMARY KEY (`id`),
  KEY `data_rows_data_type_id_foreign` (`data_type_id`),
  CONSTRAINT `data_rows_data_type_id_foreign` FOREIGN KEY (`data_type_id`) REFERENCES `data_types` (`id`) ON DELETE CASCADE ON UPDATE CASCADE
) ENGINE=InnoDB AUTO_INCREMENT=132 DEFAULT CHARSET=utf8 COLLATE=utf8_unicode_ci;
/*!40101 SET character_set_client = @saved_cs_client */;

--
-- Dumping data for table `data_rows`
--

LOCK TABLES `data_rows` WRITE;
/*!40000 ALTER TABLE `data_rows` DISABLE KEYS */;
INSERT INTO `data_rows` VALUES (1,1,'id','number','ID',1,0,0,0,0,0,'\"\"',1),(2,1,'author_id','text','Author',1,0,1,1,0,1,'\"\"',2),(3,1,'category_id','text','Category',1,0,1,1,1,0,'\"\"',3),(4,1,'title','text','Title',1,1,1,1,1,1,'\"\"',4),(5,1,'excerpt','text_area','excerpt',1,0,1,1,1,1,'\"\"',5),(6,1,'body','rich_text_box','Body',1,0,1,1,1,1,'\"\"',6),(7,1,'image','image','Post Image',0,1,1,1,1,1,'\"{\\\"resize\\\":{\\\"width\\\":\\\"1000\\\",\\\"height\\\":\\\"null\\\"},\\\"quality\\\":\\\"70%\\\",\\\"upsize\\\":true,\\\"thumbnails\\\":[{\\\"name\\\":\\\"medium\\\",\\\"scale\\\":\\\"50%\\\"},{\\\"name\\\":\\\"small\\\",\\\"scale\\\":\\\"25%\\\"},{\\\"name\\\":\\\"cropped\\\",\\\"crop\\\":{\\\"width\\\":\\\"300\\\",\\\"height\\\":\\\"250\\\"}}]}\"',7),(8,1,'slug','text','slug',1,0,1,1,1,1,'\"{\\\"slugify\\\":{\\\"origin\\\":\\\"title\\\",\\\"forceUpdate\\\":true}}\"',8),(9,1,'meta_description','text_area','meta_description',1,0,1,1,1,1,'\"\"',9),(10,1,'meta_keywords','text_area','meta_keywords',1,0,1,1,1,1,'\"\"',10),(11,1,'status','select_dropdown','status',1,1,1,1,1,1,'\"{\\\"default\\\":\\\"DRAFT\\\",\\\"options\\\":{\\\"PUBLISHED\\\":\\\"published\\\",\\\"DRAFT\\\":\\\"draft\\\",\\\"PENDING\\\":\\\"pending\\\"}}\"',11),(12,1,'created_at','timestamp','created_at',0,1,1,0,0,0,'\"\"',12),(13,1,'updated_at','timestamp','updated_at',0,0,0,0,0,0,'\"\"',13),(14,2,'id','number','id',1,0,0,0,0,0,'\"\"',1),(15,2,'author_id','text','author_id',1,0,0,0,0,0,'\"\"',2),(16,2,'title','text','title',1,1,1,1,1,1,'\"\"',3),(17,2,'excerpt','text_area','excerpt',1,0,1,1,1,1,'\"\"',4),(18,2,'body','rich_text_box','body',1,0,1,1,1,1,'\"\"',5),(19,2,'slug','text','slug',1,0,1,1,1,1,'\"{\\\"slugify\\\":{\\\"origin\\\":\\\"title\\\"}}\"',6),(20,2,'meta_description','text','meta_description',1,0,1,1,1,1,'\"\"',7),(21,2,'meta_keywords','text','meta_keywords',1,0,1,1,1,1,'\"\"',8),(22,2,'status','select_dropdown','status',1,1,1,1,1,1,'\"{\\\"default\\\":\\\"INACTIVE\\\",\\\"options\\\":{\\\"INACTIVE\\\":\\\"INACTIVE\\\",\\\"ACTIVE\\\":\\\"ACTIVE\\\"}}\"',9),(23,2,'created_at','timestamp','created_at',1,1,1,0,0,0,'\"\"',10),(24,2,'updated_at','timestamp','updated_at',1,0,0,0,0,0,'\"\"',11),(25,2,'image','image','image',0,1,1,1,1,1,'\"\"',12),(26,3,'id','number','id',1,0,0,0,0,0,'\"\"',1),(27,3,'name','text','name',1,1,1,1,1,1,'\"\"',2),(28,3,'email','text','email',1,1,1,1,1,1,'\"\"',3),(29,3,'password','password','password',1,0,0,1,1,0,'\"\"',4),(30,3,'user_belongsto_role_relationship','relationship','Role',0,1,1,1,1,0,'{\"model\":\"TCG\\\\Voyager\\\\Models\\\\Role\",\"table\":\"roles\",\"type\":\"belongsTo\",\"column\":\"role_id\",\"key\":\"id\",\"label\":\"display_name\",\"pivot_table\":\"roles\",\"pivot\":\"0\",\"taggable\":\"0\"}',10),(31,3,'remember_token','text','remember_token',0,0,0,0,0,0,'\"\"',5),(32,3,'created_at','timestamp','created_at',0,1,1,0,0,0,'\"\"',6),(33,3,'updated_at','timestamp','updated_at',0,0,0,0,0,0,'\"\"',7),(34,3,'avatar','image','avatar',0,1,1,1,1,1,'\"\"',8),(35,5,'id','number','id',1,0,0,0,0,0,'\"\"',1),(36,5,'name','text','name',1,1,1,1,1,1,'\"\"',2),(37,5,'created_at','timestamp','created_at',0,0,0,0,0,0,'\"\"',3),(38,5,'updated_at','timestamp','updated_at',0,0,0,0,0,0,'\"\"',4),(39,4,'id','number','id',1,0,0,0,0,0,'\"\"',1),(40,4,'parent_id','select_dropdown','parent_id',0,0,1,1,1,1,'\"{\\\"default\\\":\\\"\\\",\\\"null\\\":\\\"\\\",\\\"options\\\":{\\\"\\\":\\\"-- None --\\\"},\\\"relationship\\\":{\\\"key\\\":\\\"id\\\",\\\"label\\\":\\\"name\\\"}}\"',2),(41,4,'order','text','order',1,1,1,1,1,1,'\"{\\\"default\\\":1}\"',3),(42,4,'name','text','name',1,1,1,1,1,1,'\"\"',4),(43,4,'slug','text','slug',1,1,1,1,1,1,'\"{\\\"slugify\\\":{\\\"origin\\\":\\\"name\\\"}}\"',5),(44,4,'created_at','timestamp','created_at',0,0,1,0,0,0,'\"\"',6),(45,4,'updated_at','timestamp','updated_at',0,0,0,0,0,0,'\"\"',7),(46,6,'id','number','id',1,0,0,0,0,0,'\"\"',1),(47,6,'name','text','Name',1,1,1,1,1,1,'\"\"',2),(48,6,'created_at','timestamp','created_at',0,0,0,0,0,0,'\"\"',3),(49,6,'updated_at','timestamp','updated_at',0,0,0,0,0,0,'\"\"',4),(50,6,'display_name','text','Display Name',1,1,1,1,1,1,'\"\"',5),(51,1,'seo_title','text','seo_title',0,1,1,1,1,1,'\"\"',14),(52,1,'featured','checkbox','featured',1,1,1,1,1,1,'\"\"',15),(53,3,'role_id','text','role_id',0,1,1,1,1,1,'\"\"',9),(54,3,'user_belongstomany_role_relationship','relationship','Roles',0,1,1,1,1,0,'{\"model\":\"TCG\\\\Voyager\\\\Models\\\\Role\",\"table\":\"roles\",\"type\":\"belongsToMany\",\"column\":\"id\",\"key\":\"id\",\"label\":\"display_name\",\"pivot_table\":\"user_roles\",\"pivot\":\"1\",\"taggable\":\"0\"}',11),(55,7,'id','hidden','Id',1,1,1,1,1,0,'\"\"',1),(56,7,'name','text','name',1,1,1,1,1,1,'\"{\\\"validation\\\":{\\\"rule\\\":\\\"max:100\\\"}}\"',2),(57,7,'slug','text','slug',1,1,1,1,1,1,'\"\"',3),(58,7,'details','text','Details',0,1,1,1,1,1,'\"\"',4),(59,7,'price','number','price',1,1,1,1,1,1,'\"{\\\"validation\\\":{\\\"rule\\\":\\\"required|regex:\\/^\\\\\\\\d*(\\\\\\\\.\\\\\\\\d{1,2})?$\\/\\\"}}\"',5),(60,7,'description','text','Description',1,1,1,1,1,1,'\"\"',6),(61,7,'featured','checkbox','Featured',1,1,1,1,1,1,'\"{\\\"on\\\":\\\"Yes\\\",\\\"off\\\":\\\"No\\\"}\"',7),(62,7,'image','image','Image',0,1,1,1,1,1,'null',8),(63,7,'images','multiple_images','Images',0,1,1,1,1,1,'\"\"',9),(64,7,'created_at','timestamp','Created At',0,1,1,1,1,1,'\"\"',10),(65,7,'updated_at','timestamp','Updated At',0,1,1,1,1,1,'\"\"',11),(66,7,'quantity','number','Quantity',1,1,1,1,1,1,'\"\"',8),(67,8,'id','hidden','Id',1,1,1,0,0,0,'\"\"',1),(68,8,'code','text','code',1,1,1,1,1,1,'\"\"',2),(69,8,'type','text','Type',1,1,1,1,1,1,'null',3),(70,8,'value','number','Value',0,1,1,1,1,1,'\"{\\\"null\\\":\\\"\\\"}\"',4),(71,8,'percent_off','number','Percent Off',0,1,1,1,1,1,'\"{\\\"null\\\":\\\"\\\"}\"',5),(72,8,'created_at','timestamp','Created At',0,0,1,0,0,0,'\"\"',6),(73,8,'updated_at','timestamp','Updated At',0,0,1,0,0,0,'\"\"',7),(74,9,'id','hidden','Id',1,1,1,0,0,0,'\"\"',1),(75,9,'name','text','Name',1,1,1,1,1,1,'\"\"',2),(76,9,'slug','text','Slug',1,1,1,1,1,1,'\"\"',3),(77,9,'created_at','timestamp','Created At',0,0,0,0,0,0,'\"\"',4),(78,9,'updated_at','timestamp','Updated At',0,0,0,0,0,0,'\"\"',5),(79,10,'id','hidden','Id',1,0,0,0,0,0,'\"\"',1),(80,10,'product_id','number','Product Id',1,1,1,1,1,1,'\"\"',2),(81,10,'category_id','number','Category Id',1,1,1,1,1,1,'\"\"',3),(82,10,'created_at','timestamp','Created At',0,0,0,0,0,0,'\"\"',4),(83,10,'updated_at','timestamp','Updated At',0,0,0,0,0,0,'\"\"',5),(84,11,'id','hidden','Id',1,1,1,0,0,0,'\"\"',1),(85,11,'user_id','number','User Id',0,1,1,0,0,0,'\"\"',2),(86,11,'billing_email','text','Billing Email',0,1,1,1,1,0,'\"\"',3),(87,11,'billing_name','text','Billing Name',0,1,1,1,1,0,'\"\"',4),(88,11,'billing_address','text','Billing Address',0,1,1,1,1,0,'\"\"',5),(89,11,'billing_city','text','Billing City',0,1,1,1,1,0,'\"\"',6),(90,11,'billing_province','text','Billing Province',0,0,1,1,1,0,'\"\"',7),(91,11,'billing_postalcode','text','Billing Postalcode',0,0,1,1,1,0,'\"\"',8),(92,11,'billing_phone','text','Billing Phone',0,0,1,1,1,0,'\"\"',9),(93,11,'billing_name_on_card','text','Billing Name On Card',0,1,1,1,1,0,'\"\"',10),(94,11,'billing_discount','number','Discount',1,1,1,0,0,0,'\"\"',11),(95,11,'billing_discount_code','text','Discount Code',0,0,1,0,0,0,'\"\"',12),(96,11,'billing_subtotal','number','Subtotal',1,1,1,0,0,0,'\"\"',13),(97,11,'billing_tax','number','Tax',1,1,1,0,0,0,'\"\"',14),(98,11,'billing_total','number','Total',1,1,1,0,0,0,'\"\"',15),(99,11,'payment_gateway','text','Payment Gateway',1,1,1,1,1,0,'\"\"',16),(100,11,'shipped','checkbox','Shipped',1,1,1,1,0,0,'\"{\\\"on\\\":\\\"Yes\\\",\\\"off\\\":\\\"No\\\"}\"',17),(101,11,'error','text','Error',0,1,1,0,0,0,'\"\"',18),(102,11,'created_at','timestamp','Created At',0,0,0,0,0,0,'\"\"',19),(103,11,'updated_at','timestamp','Updated At',0,0,0,0,0,0,'\"\"',20),(104,12,'id','hidden','Id',1,1,1,1,1,0,'{}',1),(105,12,'name','text','Name',1,1,1,1,1,1,'{}',2),(106,12,'email','text','Email',1,1,1,1,1,1,'{}',3),(107,12,'created_at','timestamp','Created At',0,1,1,0,0,0,'{}',4),(108,12,'updated_at','timestamp','Updated At',0,1,1,0,0,0,'{}',5),(109,3,'dp','image','Dp',0,1,1,1,1,1,'{}',3),(110,3,'phone','number','Phone',0,1,1,1,1,1,'{}',7),(111,3,'address','text','Address',0,1,1,1,1,1,'{}',8),(112,3,'city','text','City',0,1,1,1,1,1,'{}',9),(113,3,'state','text','State',0,1,1,1,1,1,'{}',10),(114,3,'pin_code','text','Pin Code',0,1,1,1,1,1,'{}',11),(115,3,'wallet','text','Wallet',0,1,1,1,1,1,'{}',13),(116,3,'referred','text','Referred',1,1,1,1,1,1,'{}',14),(117,3,'settings','text','Settings',0,1,1,1,1,1,'{}',16),(118,13,'id','text','Id',1,1,1,0,0,0,'{}',1),(119,13,'name','text','Name',1,1,1,1,1,1,'{}',2),(120,13,'created_at','timestamp','Created At',0,1,1,1,0,1,'{}',3),(121,13,'updated_at','timestamp','Updated At',0,1,1,1,0,1,'{}',4),(122,14,'id','text','Id',1,1,1,0,0,0,'{}',1),(123,14,'weight','text','Weight',1,1,1,1,1,1,'{}',2),(124,14,'created_at','timestamp','Created At',0,1,1,1,1,1,'{}',3),(125,14,'updated_at','timestamp','Updated At',0,1,1,1,1,1,'{}',4),(128,16,'product_id','text','Product Id',0,1,1,1,1,1,'{}',1),(129,16,'weight_id','text','Weight Id',0,1,1,1,1,1,'{}',2),(130,16,'created_at','timestamp','Created At',0,1,1,1,1,1,'{}',3),(131,16,'updated_at','timestamp','Updated At',0,1,1,1,1,1,'{}',4);
/*!40000 ALTER TABLE `data_rows` ENABLE KEYS */;
UNLOCK TABLES;

--
-- Table structure for table `data_types`
--

DROP TABLE IF EXISTS `data_types`;
/*!40101 SET @saved_cs_client     = @@character_set_client */;
/*!40101 SET character_set_client = utf8 */;
CREATE TABLE `data_types` (
  `id` int(10) unsigned NOT NULL AUTO_INCREMENT,
  `name` varchar(255) COLLATE utf8_unicode_ci NOT NULL,
  `slug` varchar(255) COLLATE utf8_unicode_ci NOT NULL,
  `display_name_singular` varchar(255) COLLATE utf8_unicode_ci NOT NULL,
  `display_name_plural` varchar(255) COLLATE utf8_unicode_ci NOT NULL,
  `icon` varchar(255) COLLATE utf8_unicode_ci DEFAULT NULL,
  `model_name` varchar(255) COLLATE utf8_unicode_ci DEFAULT NULL,
  `policy_name` varchar(255) COLLATE utf8_unicode_ci DEFAULT NULL,
  `controller` varchar(255) COLLATE utf8_unicode_ci DEFAULT NULL,
  `description` varchar(255) COLLATE utf8_unicode_ci DEFAULT NULL,
  `generate_permissions` tinyint(1) NOT NULL DEFAULT '0',
  `server_side` tinyint(4) NOT NULL DEFAULT '0',
  `details` text COLLATE utf8_unicode_ci,
  `created_at` timestamp NULL DEFAULT NULL,
  `updated_at` timestamp NULL DEFAULT NULL,
  PRIMARY KEY (`id`),
  UNIQUE KEY `data_types_name_unique` (`name`),
  UNIQUE KEY `data_types_slug_unique` (`slug`)
) ENGINE=InnoDB AUTO_INCREMENT=17 DEFAULT CHARSET=utf8 COLLATE=utf8_unicode_ci;
/*!40101 SET character_set_client = @saved_cs_client */;

--
-- Dumping data for table `data_types`
--

LOCK TABLES `data_types` WRITE;
/*!40000 ALTER TABLE `data_types` DISABLE KEYS */;
INSERT INTO `data_types` VALUES (1,'posts','posts','Post','Posts','voyager-news','TCG\\Voyager\\Models\\Post','TCG\\Voyager\\Policies\\PostPolicy','','',1,0,NULL,'2019-07-17 06:04:37','2019-07-17 06:04:37'),(2,'pages','pages','Page','Pages','voyager-file-text','TCG\\Voyager\\Models\\Page',NULL,'','',1,0,NULL,'2019-07-17 06:04:37','2019-07-17 06:04:37'),(3,'users','users','User','Users','voyager-person','TCG\\Voyager\\Models\\User','TCG\\Voyager\\Policies\\UserPolicy','\\App\\Http\\Controllers\\Voyager\\UsersController',NULL,1,0,'{\"order_column\":null,\"order_display_column\":null,\"order_direction\":\"desc\",\"default_search_key\":null,\"scope\":null}','2019-07-17 06:04:37','2019-07-20 05:42:35'),(4,'categories','categories','Category','Categories','voyager-categories','TCG\\Voyager\\Models\\Category',NULL,'','',1,0,NULL,'2019-07-17 06:04:37','2019-07-17 06:04:37'),(5,'menus','menus','Menu','Menus','voyager-list','TCG\\Voyager\\Models\\Menu',NULL,'','',1,0,NULL,'2019-07-17 06:04:37','2019-07-17 06:04:37'),(6,'roles','roles','Role','Roles','voyager-lock','TCG\\Voyager\\Models\\Role',NULL,'','',1,0,NULL,'2019-07-17 06:04:37','2019-07-17 06:04:37'),(7,'products','products','Product','Products','voyager-bag','App\\Product',NULL,'\\App\\Http\\Controllers\\Voyager\\ProductsController',NULL,1,1,'{\"order_column\":null,\"order_display_column\":null,\"order_direction\":\"desc\",\"default_search_key\":null,\"scope\":null}','2019-07-17 06:04:47','2019-11-29 01:31:01'),(8,'coupons','coupons','Coupon','Coupons','voyager-dollar','App\\Coupon',NULL,NULL,NULL,1,0,'{\"order_column\":null,\"order_display_column\":null,\"order_direction\":\"desc\",\"default_search_key\":null,\"scope\":null}','2019-07-17 06:04:47','2019-11-28 02:12:29'),(9,'category','category','Category','Categories','voyager-tag','App\\Category',NULL,'','',1,0,NULL,'2019-07-17 06:04:47','2019-07-17 06:04:47'),(10,'category-product','category-product','Category Product','Category Products','voyager-categories','App\\CategoryProduct',NULL,'','',1,0,NULL,'2019-07-17 06:04:47','2019-07-17 06:04:47'),(11,'orders','orders','Order','Orders','voyager-documentation','App\\Order',NULL,'\\App\\Http\\Controllers\\Voyager\\OrdersController',NULL,1,0,'{\"order_column\":null,\"order_display_column\":null,\"order_direction\":\"desc\",\"default_search_key\":null,\"scope\":null}','2019-07-17 06:04:48','2019-07-20 14:45:11'),(12,'subscribe','subscribe','Subscribe','Subscribes','voyager-mail','App\\Subscriber',NULL,NULL,NULL,1,0,'{\"order_column\":null,\"order_display_column\":null,\"order_direction\":\"asc\",\"default_search_key\":null}','2019-07-17 06:28:57','2019-07-17 06:28:57'),(13,'blocks','blocks','Block','Blocks',NULL,'App\\Block',NULL,NULL,NULL,1,0,'{\"order_column\":null,\"order_display_column\":null,\"order_direction\":\"asc\",\"default_search_key\":null,\"scope\":null}','2019-11-18 04:55:02','2019-11-18 04:57:46'),(14,'weights','weights','Weight','Weights',NULL,'App\\Weight',NULL,NULL,NULL,1,0,'{\"order_column\":null,\"order_display_column\":null,\"order_direction\":\"asc\",\"default_search_key\":null,\"scope\":null}','2020-03-18 23:51:18','2020-03-18 23:53:13'),(16,'product_weight','product-weight','Product Weight','Product Weights',NULL,'App\\ProductWeight',NULL,NULL,NULL,1,0,'{\"order_column\":null,\"order_display_column\":null,\"order_direction\":\"asc\",\"default_search_key\":null}','2020-03-19 01:14:15','2020-03-19 01:14:15');
/*!40000 ALTER TABLE `data_types` ENABLE KEYS */;
UNLOCK TABLES;

--
-- Table structure for table `jobs`
--

DROP TABLE IF EXISTS `jobs`;
/*!40101 SET @saved_cs_client     = @@character_set_client */;
/*!40101 SET character_set_client = utf8 */;
CREATE TABLE `jobs` (
  `id` bigint(20) unsigned NOT NULL AUTO_INCREMENT,
  `queue` varchar(255) COLLATE utf8_unicode_ci NOT NULL,
  `payload` longtext COLLATE utf8_unicode_ci NOT NULL,
  `attempts` tinyint(3) unsigned NOT NULL,
  `reserved_at` int(10) unsigned DEFAULT NULL,
  `available_at` int(10) unsigned NOT NULL,
  `created_at` int(10) unsigned NOT NULL,
  PRIMARY KEY (`id`),
  KEY `jobs_queue_index` (`queue`)
) ENGINE=MyISAM DEFAULT CHARSET=utf8 COLLATE=utf8_unicode_ci;
/*!40101 SET character_set_client = @saved_cs_client */;

--
-- Dumping data for table `jobs`
--

LOCK TABLES `jobs` WRITE;
/*!40000 ALTER TABLE `jobs` DISABLE KEYS */;
/*!40000 ALTER TABLE `jobs` ENABLE KEYS */;
UNLOCK TABLES;

--
-- Table structure for table `menu_items`
--

DROP TABLE IF EXISTS `menu_items`;
/*!40101 SET @saved_cs_client     = @@character_set_client */;
/*!40101 SET character_set_client = utf8 */;
CREATE TABLE `menu_items` (
  `id` int(10) unsigned NOT NULL AUTO_INCREMENT,
  `menu_id` int(10) unsigned DEFAULT NULL,
  `title` varchar(255) COLLATE utf8_unicode_ci NOT NULL,
  `url` varchar(255) COLLATE utf8_unicode_ci NOT NULL,
  `target` varchar(255) COLLATE utf8_unicode_ci NOT NULL DEFAULT '_self',
  `icon_class` varchar(255) COLLATE utf8_unicode_ci DEFAULT NULL,
  `color` varchar(255) COLLATE utf8_unicode_ci DEFAULT NULL,
  `parent_id` int(11) DEFAULT NULL,
  `order` int(11) NOT NULL,
  `created_at` timestamp NULL DEFAULT NULL,
  `updated_at` timestamp NULL DEFAULT NULL,
  `route` varchar(255) COLLATE utf8_unicode_ci DEFAULT NULL,
  `parameters` text COLLATE utf8_unicode_ci,
  PRIMARY KEY (`id`),
  KEY `menu_items_menu_id_foreign` (`menu_id`),
  CONSTRAINT `menu_items_menu_id_foreign` FOREIGN KEY (`menu_id`) REFERENCES `menus` (`id`) ON DELETE CASCADE
) ENGINE=InnoDB AUTO_INCREMENT=31 DEFAULT CHARSET=utf8 COLLATE=utf8_unicode_ci;
/*!40101 SET character_set_client = @saved_cs_client */;

--
-- Dumping data for table `menu_items`
--

LOCK TABLES `menu_items` WRITE;
/*!40000 ALTER TABLE `menu_items` DISABLE KEYS */;
INSERT INTO `menu_items` VALUES (1,1,'Dashboard','','_self','voyager-boat',NULL,NULL,1,'2019-07-17 06:04:40','2019-07-17 06:04:40','voyager.dashboard',NULL),(2,1,'Media','','_self','voyager-images',NULL,NULL,11,'2019-07-17 06:04:40','2020-03-18 23:52:14','voyager.media.index',NULL),(3,1,'Posts','','_self','voyager-news',NULL,NULL,12,'2019-07-17 06:04:40','2020-03-18 23:52:14','voyager.posts.index',NULL),(4,1,'Users','','_self','voyager-person',NULL,NULL,10,'2019-07-17 06:04:40','2020-03-18 23:52:14','voyager.users.index',NULL),(5,1,'Categories','','_self','voyager-categories',NULL,NULL,17,'2019-07-17 06:04:40','2020-03-18 23:52:05','voyager.categories.index',NULL),(6,1,'Pages','','_self','voyager-file-text',NULL,NULL,13,'2019-07-17 06:04:40','2020-03-18 23:52:14','voyager.pages.index',NULL),(7,1,'Roles','','_self','voyager-lock',NULL,NULL,8,'2019-07-17 06:04:41','2019-07-17 06:29:47','voyager.roles.index',NULL),(8,1,'Tools','','_self','voyager-tools',NULL,NULL,15,'2019-07-17 06:04:41','2020-03-18 23:52:05',NULL,NULL),(9,1,'Menu Builder','','_self','voyager-list',NULL,8,1,'2019-07-17 06:04:41','2019-07-17 06:04:51','voyager.menus.index',NULL),(10,1,'Database','','_self','voyager-data',NULL,8,2,'2019-07-17 06:04:41','2019-07-17 06:04:51','voyager.database.index',NULL),(11,1,'Compass','','_self','voyager-compass',NULL,8,3,'2019-07-17 06:04:41','2019-07-17 06:04:51','voyager.compass.index',NULL),(12,1,'Settings','','_self','voyager-settings',NULL,NULL,16,'2019-07-17 06:04:41','2020-03-18 23:52:05','voyager.settings.index',NULL),(13,1,'Orders','/admin/orders','_self','voyager-documentation',NULL,NULL,2,'2019-07-17 06:04:50','2019-07-17 06:04:50',NULL,NULL),(14,1,'Products','/admin/products','_self','voyager-bag',NULL,NULL,3,'2019-07-17 06:04:50','2019-07-17 06:04:50',NULL,NULL),(15,1,'Categories','/admin/category','_self','voyager-tag',NULL,NULL,4,'2019-07-17 06:04:50','2019-07-17 06:04:50',NULL,NULL),(16,1,'Coupons','/admin/coupons','_self','voyager-dollar',NULL,NULL,6,'2019-07-17 06:04:50','2019-07-17 06:29:47',NULL,NULL),(17,1,'Category Products','/admin/category-product','_self','voyager-categories',NULL,NULL,7,'2019-07-17 06:04:50','2019-07-17 06:29:47',NULL,NULL),(18,2,'Shop','','_self',NULL,NULL,NULL,1,'2019-07-17 06:04:51','2019-07-17 06:04:51','shop.index',NULL),(19,2,'Orders','/admin/orders','_self',NULL,'#000000',NULL,2,'2019-07-17 06:04:51','2019-07-20 15:36:34',NULL,''),(20,2,'Blog','https://blog.laravelecommerceexample.ca','_self',NULL,NULL,NULL,3,'2019-07-17 06:04:51','2019-07-20 15:36:03',NULL,NULL),(26,1,'Subscribes','','_self','voyager-mail',NULL,NULL,5,'2019-07-17 06:28:57','2019-07-17 06:29:47','voyager.subscribe.index',NULL),(27,1,'Blocks','','_self',NULL,NULL,NULL,14,'2019-11-18 04:55:02','2020-03-18 23:52:14','voyager.blocks.index',NULL),(28,1,'Weights','','_self',NULL,NULL,NULL,9,'2020-03-18 23:51:19','2020-03-18 23:52:13','voyager.weights.index',NULL),(30,1,'Product Weights','','_self',NULL,NULL,NULL,18,'2020-03-19 01:14:15','2020-03-19 01:14:15','voyager.product-weight.index',NULL);
/*!40000 ALTER TABLE `menu_items` ENABLE KEYS */;
UNLOCK TABLES;

--
-- Table structure for table `menus`
--

DROP TABLE IF EXISTS `menus`;
/*!40101 SET @saved_cs_client     = @@character_set_client */;
/*!40101 SET character_set_client = utf8 */;
CREATE TABLE `menus` (
  `id` int(10) unsigned NOT NULL AUTO_INCREMENT,
  `name` varchar(255) COLLATE utf8_unicode_ci NOT NULL,
  `created_at` timestamp NULL DEFAULT NULL,
  `updated_at` timestamp NULL DEFAULT NULL,
  PRIMARY KEY (`id`),
  UNIQUE KEY `menus_name_unique` (`name`)
) ENGINE=InnoDB AUTO_INCREMENT=3 DEFAULT CHARSET=utf8 COLLATE=utf8_unicode_ci;
/*!40101 SET character_set_client = @saved_cs_client */;

--
-- Dumping data for table `menus`
--

LOCK TABLES `menus` WRITE;
/*!40000 ALTER TABLE `menus` DISABLE KEYS */;
INSERT INTO `menus` VALUES (1,'admin','2019-07-17 06:04:40','2019-07-17 06:04:40'),(2,'main','2019-07-17 06:04:50','2019-07-17 06:04:50');
/*!40000 ALTER TABLE `menus` ENABLE KEYS */;
UNLOCK TABLES;

--
-- Table structure for table `migrations`
--

DROP TABLE IF EXISTS `migrations`;
/*!40101 SET @saved_cs_client     = @@character_set_client */;
/*!40101 SET character_set_client = utf8 */;
CREATE TABLE `migrations` (
  `id` int(10) unsigned NOT NULL AUTO_INCREMENT,
  `migration` varchar(255) COLLATE utf8_unicode_ci NOT NULL,
  `batch` int(11) NOT NULL,
  PRIMARY KEY (`id`)
) ENGINE=InnoDB AUTO_INCREMENT=53 DEFAULT CHARSET=utf8 COLLATE=utf8_unicode_ci;
/*!40101 SET character_set_client = @saved_cs_client */;

--
-- Dumping data for table `migrations`
--

LOCK TABLES `migrations` WRITE;
/*!40000 ALTER TABLE `migrations` DISABLE KEYS */;
INSERT INTO `migrations` VALUES (1,'2014_10_12_000000_create_users_table',1),(2,'2014_10_12_100000_create_password_resets_table',1),(3,'2016_01_01_000000_add_voyager_user_fields',1),(4,'2016_01_01_000000_create_data_types_table',1),(5,'2016_01_01_000000_create_pages_table',1),(6,'2016_01_01_000000_create_posts_table',1),(7,'2016_02_15_204651_create_categories_table',1),(8,'2016_05_19_173453_create_menu_table',1),(9,'2016_10_21_190000_create_roles_table',1),(10,'2016_10_21_190000_create_settings_table',1),(11,'2016_11_30_135954_create_permission_table',1),(12,'2016_11_30_141208_create_permission_role_table',1),(13,'2016_12_26_201236_data_types__add__server_side',1),(14,'2017_01_13_000000_add_route_to_menu_items_table',1),(15,'2017_01_14_005015_create_translations_table',1),(16,'2017_01_15_000000_add_permission_group_id_to_permissions_table',1),(17,'2017_01_15_000000_create_permission_groups_table',1),(18,'2017_01_15_000000_make_table_name_nullable_in_permissions_table',1),(19,'2017_03_06_000000_add_controller_to_data_types_table',1),(20,'2017_04_11_000000_alter_post_nullable_fields_table',1),(21,'2017_04_21_000000_add_order_to_data_rows_table',1),(22,'2017_07_05_210000_add_policyname_to_data_types_table',1),(23,'2017_08_05_000000_add_group_to_settings_table',1),(24,'2017_11_26_013050_add_user_role_relationship',1),(25,'2017_11_26_015000_create_user_roles_table',1),(26,'2017_12_11_054653_create_products_table',1),(27,'2018_01_11_060124_create_category_table',1),(28,'2018_01_11_060548_create_category_product_table',1),(29,'2018_01_14_215535_create_coupons_table',1),(30,'2018_02_08_021546_add_image_to_products_table',1),(31,'2018_02_08_032544_add_images_to_products_table',1),(32,'2018_02_25_005243_create_orders_table',1),(34,'2018_03_11_000000_add_user_settings',1),(35,'2018_03_14_000000_add_details_to_data_types_table',1),(36,'2018_03_16_000000_make_settings_value_nullable',1),(37,'2018_04_23_011947_add_user_role_relationship_fix',1),(38,'2018_04_23_012009_create_user_roles_table_fix',1),(39,'2018_06_29_032914_add_quantity_to_products_table',1),(40,'2019_07_01_090241_create_subscribe_table',1),(41,'2019_07_02_121112_add_image_to_users_table',1),(42,'2019_11_18_100716_create_blocks_table',2),(43,'2019_11_19_205413_add_block_to_users_table',3),(44,'2020_03_14_181302_create_cake_weights_table',4),(45,'2020_03_14_182552_create_weights_table',4),(48,'2018_02_25_010522_create_order_product_table',5),(49,'2020_03_18_173201_create_product_weight_table',6),(50,'2020_03_20_153052_create_order_item_table',7),(51,'2020_03_20_163750_create_jobs_table',7),(52,'2021_01_29_194140_create_payments_table',8);
/*!40000 ALTER TABLE `migrations` ENABLE KEYS */;
UNLOCK TABLES;

--
-- Table structure for table `order_item`
--

DROP TABLE IF EXISTS `order_item`;
/*!40101 SET @saved_cs_client     = @@character_set_client */;
/*!40101 SET character_set_client = utf8 */;
CREATE TABLE `order_item` (
  `id` bigint(20) unsigned NOT NULL AUTO_INCREMENT,
  `created_at` timestamp NULL DEFAULT NULL,
  `updated_at` timestamp NULL DEFAULT NULL,
  PRIMARY KEY (`id`)
) ENGINE=MyISAM DEFAULT CHARSET=utf8 COLLATE=utf8_unicode_ci;
/*!40101 SET character_set_client = @saved_cs_client */;

--
-- Dumping data for table `order_item`
--

LOCK TABLES `order_item` WRITE;
/*!40000 ALTER TABLE `order_item` DISABLE KEYS */;
/*!40000 ALTER TABLE `order_item` ENABLE KEYS */;
UNLOCK TABLES;

--
-- Table structure for table `order_product`
--

DROP TABLE IF EXISTS `order_product`;
/*!40101 SET @saved_cs_client     = @@character_set_client */;
/*!40101 SET character_set_client = utf8 */;
CREATE TABLE `order_product` (
  `id` int(10) unsigned NOT NULL AUTO_INCREMENT,
  `order_id` int(10) unsigned DEFAULT NULL,
  `product_id` int(10) unsigned DEFAULT NULL,
  `quantity` int(10) unsigned NOT NULL,
  `product_name` varchar(255) COLLATE utf8_unicode_ci NOT NULL,
  `product_price` int(11) NOT NULL,
  `created_at` timestamp NULL DEFAULT NULL,
  `updated_at` timestamp NULL DEFAULT NULL,
  PRIMARY KEY (`id`),
  KEY `order_product_order_id_foreign` (`order_id`),
  KEY `order_product_product_id_foreign` (`product_id`)
) ENGINE=MyISAM AUTO_INCREMENT=159 DEFAULT CHARSET=utf8 COLLATE=utf8_unicode_ci;
/*!40101 SET character_set_client = @saved_cs_client */;

--
-- Dumping data for table `order_product`
--

LOCK TABLES `order_product` WRITE;
/*!40000 ALTER TABLE `order_product` DISABLE KEYS */;
INSERT INTO `order_product` VALUES (1,NULL,NULL,1,'',0,'2019-07-17 06:04:36','2019-07-17 06:04:36'),(2,NULL,NULL,1,'',0,'2019-07-17 06:04:36','2019-07-17 06:04:36'),(3,NULL,NULL,1,'',0,'2019-07-17 06:04:36','2019-07-17 06:04:36'),(4,NULL,NULL,1,'',0,'2019-07-17 06:04:37','2019-07-17 06:04:37'),(5,NULL,NULL,1,'',0,'2019-07-17 06:04:37','2019-07-17 06:04:37'),(6,NULL,NULL,1,'',0,'2019-07-17 06:04:37','2019-07-17 06:04:37'),(7,NULL,NULL,1,'',0,'2019-07-20 06:17:19','2019-07-20 06:17:19'),(8,NULL,NULL,1,'',0,'2019-07-20 06:17:19','2019-07-20 06:17:19'),(9,NULL,NULL,1,'',0,'2019-07-20 06:17:19','2019-07-20 06:17:19'),(10,NULL,NULL,1,'',0,'2019-07-20 11:36:04','2019-07-20 11:36:04'),(11,NULL,NULL,1,'',0,'2019-07-20 11:36:04','2019-07-20 11:36:04'),(12,NULL,NULL,2,'',0,'2019-07-20 11:36:04','2019-07-20 11:36:04'),(13,NULL,NULL,3,'',0,'2019-07-20 11:36:04','2019-07-20 11:36:04'),(14,NULL,NULL,1,'',0,'2019-07-20 14:41:48','2019-07-20 14:41:48'),(15,NULL,NULL,1,'',0,'2019-07-20 14:41:48','2019-07-20 14:41:48'),(16,NULL,NULL,1,'',0,'2019-07-20 14:41:48','2019-07-20 14:41:48'),(17,NULL,NULL,1,'',0,'2019-07-20 15:08:00','2019-07-20 15:08:00'),(18,NULL,NULL,1,'',0,'2019-07-20 15:30:35','2019-07-20 15:30:35'),(19,NULL,NULL,1,'',0,'2019-07-20 15:30:35','2019-07-20 15:30:35'),(20,NULL,NULL,1,'',0,'2019-07-20 15:41:49','2019-07-20 15:41:49'),(21,NULL,NULL,1,'',0,'2019-07-20 15:41:49','2019-07-20 15:41:49'),(22,NULL,NULL,1,'',0,'2019-07-20 16:27:58','2019-07-20 16:27:58'),(23,NULL,NULL,1,'',0,'2019-07-20 16:27:58','2019-07-20 16:27:58'),(24,NULL,NULL,1,'',0,'2019-07-20 16:28:54','2019-07-20 16:28:54'),(25,NULL,NULL,1,'',0,'2019-07-20 16:28:54','2019-07-20 16:28:54'),(26,NULL,NULL,1,'',0,'2019-07-20 16:36:25','2019-07-20 16:36:25'),(27,NULL,NULL,1,'',0,'2019-07-20 16:36:25','2019-07-20 16:36:25'),(28,NULL,NULL,1,'',0,'2019-07-20 16:36:31','2019-07-20 16:36:31'),(29,NULL,NULL,1,'',0,'2019-07-20 16:36:31','2019-07-20 16:36:31'),(30,NULL,NULL,1,'',0,'2019-07-20 16:40:59','2019-07-20 16:40:59'),(31,NULL,NULL,1,'',0,'2019-07-20 16:40:59','2019-07-20 16:40:59'),(32,NULL,NULL,1,'',0,'2019-07-20 16:48:34','2019-07-20 16:48:34'),(33,NULL,NULL,1,'',0,'2019-07-20 16:48:34','2019-07-20 16:48:34'),(34,NULL,NULL,1,'',0,'2019-07-20 16:49:45','2019-07-20 16:49:45'),(35,NULL,NULL,1,'',0,'2019-07-20 16:49:45','2019-07-20 16:49:45'),(36,NULL,NULL,1,'',0,'2019-07-20 16:50:35','2019-07-20 16:50:35'),(37,NULL,NULL,1,'',0,'2019-07-20 16:50:35','2019-07-20 16:50:35'),(38,NULL,NULL,1,'',0,'2019-07-20 16:52:28','2019-07-20 16:52:28'),(39,NULL,NULL,1,'',0,'2019-07-20 16:52:28','2019-07-20 16:52:28'),(40,NULL,NULL,1,'',0,'2019-07-20 16:52:56','2019-07-20 16:52:56'),(41,NULL,NULL,1,'',0,'2019-07-20 16:52:56','2019-07-20 16:52:56'),(42,NULL,NULL,1,'',0,'2019-07-20 16:54:55','2019-07-20 16:54:55'),(43,NULL,NULL,1,'',0,'2019-07-20 16:54:55','2019-07-20 16:54:55'),(44,NULL,NULL,1,'',0,'2019-07-20 17:04:05','2019-07-20 17:04:05'),(45,NULL,NULL,1,'',0,'2019-07-20 17:04:05','2019-07-20 17:04:05'),(46,NULL,NULL,1,'',0,'2019-07-20 17:05:41','2019-07-20 17:05:41'),(47,NULL,NULL,1,'',0,'2019-07-20 17:05:41','2019-07-20 17:05:41'),(48,NULL,NULL,1,'',0,'2019-07-20 17:08:55','2019-07-20 17:08:55'),(49,NULL,NULL,1,'',0,'2019-07-20 17:08:55','2019-07-20 17:08:55'),(50,NULL,NULL,1,'',0,'2019-07-20 17:11:19','2019-07-20 17:11:19'),(51,NULL,NULL,1,'',0,'2019-07-20 17:11:19','2019-07-20 17:11:19'),(52,NULL,NULL,1,'',0,'2019-07-20 17:16:28','2019-07-20 17:16:28'),(53,NULL,NULL,1,'',0,'2019-07-20 17:16:28','2019-07-20 17:16:28'),(54,NULL,NULL,1,'',0,'2019-07-21 12:52:36','2019-07-21 12:52:36'),(55,NULL,NULL,1,'',0,'2019-07-21 12:52:36','2019-07-21 12:52:36'),(56,NULL,NULL,1,'',0,'2019-07-21 12:52:37','2019-07-21 12:52:37'),(57,NULL,NULL,1,'',0,'2019-07-21 13:01:51','2019-07-21 13:01:51'),(58,NULL,NULL,1,'',0,'2019-07-21 13:01:51','2019-07-21 13:01:51'),(59,NULL,NULL,1,'',0,'2019-07-21 13:01:51','2019-07-21 13:01:51'),(60,NULL,NULL,1,'',0,'2019-07-21 13:36:34','2019-07-21 13:36:34'),(61,NULL,NULL,1,'',0,'2019-07-21 13:36:35','2019-07-21 13:36:35'),(62,NULL,NULL,1,'',0,'2019-07-21 13:36:35','2019-07-21 13:36:35'),(63,NULL,NULL,1,'',0,'2019-07-21 13:39:08','2019-07-21 13:39:08'),(64,NULL,NULL,1,'',0,'2019-07-21 13:39:08','2019-07-21 13:39:08'),(65,NULL,NULL,1,'',0,'2019-07-21 13:39:08','2019-07-21 13:39:08'),(66,NULL,NULL,1,'',0,'2019-07-22 09:57:57','2019-07-22 09:57:57'),(67,NULL,NULL,1,'',0,'2019-07-22 09:57:57','2019-07-22 09:57:57'),(68,NULL,NULL,1,'',0,'2019-07-22 09:57:57','2019-07-22 09:57:57'),(69,NULL,NULL,1,'',0,'2019-07-22 09:57:57','2019-07-22 09:57:57'),(70,NULL,NULL,1,'',0,'2019-07-22 10:40:46','2019-07-22 10:40:46'),(71,NULL,NULL,1,'',0,'2019-07-22 10:40:46','2019-07-22 10:40:46'),(72,NULL,NULL,1,'',0,'2019-07-22 10:40:46','2019-07-22 10:40:46'),(73,NULL,NULL,5,'',0,'2019-07-23 11:12:50','2019-07-23 11:12:50'),(74,NULL,NULL,1,'',0,'2019-07-23 12:32:13','2019-07-23 12:32:13'),(75,NULL,NULL,1,'',0,'2019-07-23 12:32:13','2019-07-23 12:32:13'),(76,NULL,NULL,2,'',0,'2019-07-23 12:32:13','2019-07-23 12:32:13'),(77,NULL,NULL,1,'',0,'2019-07-24 14:44:34','2019-07-24 14:44:34'),(78,NULL,NULL,1,'',0,'2019-07-24 14:44:34','2019-07-24 14:44:34'),(79,NULL,NULL,1,'',0,'2019-07-24 14:44:34','2019-07-24 14:44:34'),(80,NULL,NULL,1,'',0,'2019-08-18 13:48:52','2019-08-18 13:48:52'),(81,NULL,NULL,1,'',0,'2019-08-18 13:48:52','2019-08-18 13:48:52'),(82,NULL,NULL,1,'',0,'2019-08-18 13:48:52','2019-08-18 13:48:52'),(83,NULL,NULL,1,'',0,'2019-08-18 13:48:52','2019-08-18 13:48:52'),(84,NULL,NULL,1,'',0,'2019-08-18 13:48:52','2019-08-18 13:48:52'),(85,NULL,NULL,1,'',0,'2019-08-18 13:48:52','2019-08-18 13:48:52'),(86,NULL,NULL,1,'',0,'2019-08-18 13:48:52','2019-08-18 13:48:52'),(87,NULL,NULL,1,'',0,'2019-08-18 13:48:52','2019-08-18 13:48:52'),(88,NULL,NULL,1,'',0,'2019-08-18 13:48:52','2019-08-18 13:48:52'),(89,NULL,NULL,1,'',0,'2019-08-18 13:48:52','2019-08-18 13:48:52'),(90,NULL,NULL,1,'',0,'2019-08-19 11:45:16','2019-08-19 11:45:16'),(91,NULL,NULL,1,'',0,'2019-11-20 09:15:10','2019-11-20 09:15:10'),(92,NULL,NULL,1,'',0,'2019-11-20 09:33:18','2019-11-20 09:33:18'),(93,NULL,NULL,1,'',0,'2019-11-20 09:45:56','2019-11-20 09:45:56'),(94,NULL,NULL,1,'',0,'2019-11-20 10:00:13','2019-11-20 10:00:13'),(95,NULL,NULL,1,'',0,'2019-11-20 10:02:00','2019-11-20 10:02:00'),(96,NULL,NULL,1,'',0,'2019-11-25 01:11:09','2019-11-25 01:11:09'),(97,NULL,NULL,1,'',0,'2019-11-25 01:20:45','2019-11-25 01:20:45'),(98,NULL,NULL,1,'',0,'2019-11-25 02:54:57','2019-11-25 02:54:57'),(99,NULL,NULL,1,'',0,'2019-11-25 03:02:46','2019-11-25 03:02:46'),(100,NULL,NULL,1,'',0,'2019-11-25 03:10:36','2019-11-25 03:10:36'),(101,NULL,NULL,1,'',0,'2019-11-25 03:17:26','2019-11-25 03:17:26'),(102,NULL,NULL,1,'',0,'2019-11-25 04:30:25','2019-11-25 04:30:25'),(103,NULL,NULL,1,'',0,'2019-11-25 21:33:35','2019-11-25 21:33:35'),(104,NULL,NULL,2,'',0,'2019-11-25 21:40:44','2019-11-25 21:40:44'),(105,NULL,NULL,2,'',0,'2019-11-25 21:40:44','2019-11-25 21:40:44'),(106,NULL,NULL,2,'',0,'2019-11-25 21:40:49','2019-11-25 21:40:49'),(107,NULL,NULL,2,'',0,'2019-11-25 21:40:49','2019-11-25 21:40:49'),(108,NULL,NULL,2,'',0,'2019-11-26 15:42:20','2019-11-26 15:42:20'),(109,NULL,NULL,1,'',0,'2019-11-28 02:28:28','2019-11-28 02:28:28'),(110,NULL,NULL,1,'',0,'2019-11-28 02:28:28','2019-11-28 02:28:28'),(111,NULL,NULL,1,'',0,'2019-11-28 02:33:35','2019-11-28 02:33:35'),(112,NULL,NULL,1,'',0,'2019-12-07 14:47:13','2019-12-07 14:47:13'),(113,NULL,NULL,1,'',0,'2019-12-19 21:27:17','2019-12-19 21:27:17'),(114,NULL,86,1,'',0,'2020-02-15 02:31:07','2020-02-15 02:31:07'),(115,NULL,87,5,'',0,'2020-02-18 04:37:32','2020-02-18 04:37:32'),(116,NULL,87,5,'',0,'2020-02-18 04:37:39','2020-02-18 04:37:39'),(117,NULL,87,4,'',0,'2020-02-18 13:06:56','2020-02-18 13:06:56'),(118,NULL,86,4,'',0,'2020-02-20 19:52:14','2020-02-20 19:52:14'),(119,NULL,87,2,'',0,'2020-02-20 20:11:43','2020-02-20 20:11:43'),(120,NULL,87,1,'',0,'2020-02-20 20:16:11','2020-02-20 20:16:11'),(121,NULL,86,1,'',0,'2020-02-20 20:41:00','2020-02-20 20:41:00'),(122,NULL,86,1,'',0,'2020-02-20 20:48:17','2020-02-20 20:48:17'),(123,NULL,86,1,'',0,'2020-02-20 21:00:02','2020-02-20 21:00:02'),(124,NULL,86,1,'',0,'2020-02-20 21:00:21','2020-02-20 21:00:21'),(125,NULL,86,1,'',0,'2020-02-20 21:01:06','2020-02-20 21:01:06'),(126,NULL,86,1,'',0,'2020-02-20 21:08:59','2020-02-20 21:08:59'),(127,NULL,86,1,'',0,'2020-02-20 21:09:37','2020-02-20 21:09:37'),(128,NULL,86,1,'',0,'2020-02-20 21:24:15','2020-02-20 21:24:15'),(129,NULL,87,1,'',0,'2020-02-21 12:38:02','2020-02-21 12:38:02'),(130,NULL,86,3,'',0,'2020-02-21 12:38:02','2020-02-21 12:38:02'),(131,13,87,1,'',0,'2020-02-21 12:38:08','2020-02-21 12:38:08'),(132,13,86,3,'',0,'2020-02-21 12:38:08','2020-02-21 12:38:08'),(133,14,86,2,'',0,'2020-02-22 14:13:50','2020-02-22 14:13:50'),(134,NULL,86,1,'',0,'2020-02-22 14:44:36','2020-02-22 14:44:36'),(135,NULL,86,1,'',0,'2020-02-22 14:54:43','2020-02-22 14:54:43'),(136,NULL,87,1,'',0,'2020-02-23 01:21:21','2020-02-23 01:21:21'),(137,15,87,5,'',0,'2020-02-26 14:51:25','2020-02-26 14:51:25'),(138,16,86,4,'',0,'2020-02-27 14:02:34','2020-02-27 14:02:34'),(139,NULL,86,4,'',0,'2020-02-27 14:02:48','2020-02-27 14:02:48'),(140,NULL,88,2,'',0,'2020-03-20 02:27:59','2020-03-20 02:27:59'),(141,NULL,NULL,1,'',0,'2020-03-20 02:27:59','2020-03-20 02:27:59'),(142,NULL,NULL,1,'',0,'2020-03-20 02:32:56','2020-03-20 02:32:56'),(143,NULL,88,1,'',0,'2020-03-20 02:51:16','2020-03-20 02:51:16'),(144,23,88,1,'Cold Coffee',7000,'2020-03-20 17:48:50','2020-03-20 17:48:50'),(145,25,89,1,'Strawberry lush',7500,'2020-03-20 18:12:44','2020-03-20 18:12:44'),(146,25,88,1,'Cold Coffee',7000,'2020-03-20 18:12:44','2020-03-20 18:12:44'),(147,26,96,1,'White chocolate 1.00 kg',70000,'2020-03-20 18:20:53','2020-03-20 18:20:53'),(148,32,88,2,'Cold Coffee',7000,'2020-03-20 23:17:35','2020-03-20 23:17:35'),(149,33,88,2,'Cold Coffee',7000,'2020-03-20 23:18:34','2020-03-20 23:18:34'),(150,34,88,2,'Cold Coffee',7000,'2020-03-20 23:19:36','2020-03-20 23:19:36'),(151,35,88,2,'Cold Coffee',7000,'2020-03-20 23:20:41','2020-03-20 23:20:41'),(152,36,88,1,'Cold Coffee',7000,'2020-03-20 23:45:38','2020-03-20 23:45:38'),(153,37,88,1,'Cold Coffee',7000,'2020-03-20 23:48:53','2020-03-20 23:48:53'),(154,38,88,1,'Cold Coffee',7000,'2020-03-20 23:49:40','2020-03-20 23:49:40'),(155,39,88,1,'Cold Coffee',7000,'2020-03-20 23:59:48','2020-03-20 23:59:48'),(156,40,97,1,'White chocolate 1.50 kg',105000,'2020-03-21 00:14:40','2020-03-21 00:14:40'),(157,41,97,1,'White chocolate 1.00 kg',70000,'2020-03-21 00:22:08','2020-03-21 00:22:08'),(158,42,97,3,'White chocolate 1.00 kg',70000,'2020-03-21 00:23:26','2020-03-21 00:23:26');
/*!40000 ALTER TABLE `order_product` ENABLE KEYS */;
UNLOCK TABLES;

--
-- Table structure for table `orders`
--

DROP TABLE IF EXISTS `orders`;
/*!40101 SET @saved_cs_client     = @@character_set_client */;
/*!40101 SET character_set_client = utf8 */;
CREATE TABLE `orders` (
  `id` int(10) unsigned NOT NULL AUTO_INCREMENT,
  `user_id` int(10) unsigned DEFAULT NULL,
  `billing_email` varchar(255) COLLATE utf8_unicode_ci DEFAULT NULL,
  `billing_name` varchar(255) COLLATE utf8_unicode_ci DEFAULT NULL,
  `billing_address` varchar(255) COLLATE utf8_unicode_ci DEFAULT NULL,
  `billing_city` varchar(255) COLLATE utf8_unicode_ci DEFAULT NULL,
  `billing_province` varchar(255) COLLATE utf8_unicode_ci DEFAULT NULL,
  `billing_postalcode` varchar(255) COLLATE utf8_unicode_ci DEFAULT NULL,
  `billing_phone` varchar(255) COLLATE utf8_unicode_ci DEFAULT NULL,
  `billing_name_on_card` varchar(255) COLLATE utf8_unicode_ci DEFAULT NULL,
  `billing_discount` int(11) NOT NULL DEFAULT '0',
  `billing_discount_code` varchar(255) COLLATE utf8_unicode_ci DEFAULT NULL,
  `billing_subtotal` int(11) NOT NULL,
  `billing_tax` int(11) NOT NULL,
  `billing_total` int(11) NOT NULL,
  `payment_gateway` varchar(255) COLLATE utf8_unicode_ci NOT NULL DEFAULT 'stripe',
  `shipped` tinyint(1) NOT NULL DEFAULT '0',
  `error` varchar(255) COLLATE utf8_unicode_ci DEFAULT NULL,
  `created_at` timestamp NULL DEFAULT NULL,
  `updated_at` timestamp NULL DEFAULT NULL,
  PRIMARY KEY (`id`),
  KEY `orders_user_id_foreign` (`user_id`),
  CONSTRAINT `orders_user_id_foreign` FOREIGN KEY (`user_id`) REFERENCES `users` (`id`) ON DELETE SET NULL ON UPDATE CASCADE
) ENGINE=InnoDB AUTO_INCREMENT=17 DEFAULT CHARSET=utf8 COLLATE=utf8_unicode_ci;
/*!40101 SET character_set_client = @saved_cs_client */;

--
-- Dumping data for table `orders`
--

LOCK TABLES `orders` WRITE;
/*!40000 ALTER TABLE `orders` DISABLE KEYS */;
INSERT INTO `orders` VALUES (13,NULL,'bharatbhushan173@gmail.com','BASUDEV BHARAT BHUSHAN','Infront of sbi ATM(Narendrapur)','Berhampur','Odisha','760007','8249122911',NULL,0,NULL,16000,0,16000,'Cash On delivery',1,NULL,'2020-02-21 12:38:08','2020-02-21 18:31:08'),(14,NULL,'subratkumarbehera46@gmail.com','Subrat Kumar Behera','Near sbi atm front(Narendrapur)','Brahmapur','Odisha','760007','7008940612',NULL,0,NULL,8000,0,8000,'Cash On delivery',1,NULL,'2020-02-22 14:13:50','2020-02-22 14:52:15'),(15,NULL,'alokbanty15@gmail.com','PADMANAVA MISHRA','Patala Maharaja engineering colleges, Berhampur, Berhampur(PMEC)','BERHAMPUR','ODISHA','760001','7978599344',NULL,0,NULL,20000,0,20000,'Cash On delivery',1,NULL,'2020-02-26 14:51:25','2020-02-26 15:40:32'),(16,NULL,'alokbanty15@gmail.com','PADMANAVA MISHRA','Patala Maharaja engineering colleges, Berhampur, Berhampur(PMEC)','BERHAMPUR','ODISHA','760001','07978599344',NULL,0,NULL,16000,0,16000,'Cash On delivery',0,NULL,'2020-02-27 14:02:34','2020-02-27 14:02:34');
/*!40000 ALTER TABLE `orders` ENABLE KEYS */;
UNLOCK TABLES;

--
-- Table structure for table `pages`
--

DROP TABLE IF EXISTS `pages`;
/*!40101 SET @saved_cs_client     = @@character_set_client */;
/*!40101 SET character_set_client = utf8 */;
CREATE TABLE `pages` (
  `id` int(10) unsigned NOT NULL AUTO_INCREMENT,
  `author_id` int(11) NOT NULL,
  `title` varchar(255) COLLATE utf8_unicode_ci NOT NULL,
  `excerpt` text COLLATE utf8_unicode_ci,
  `body` text COLLATE utf8_unicode_ci,
  `image` varchar(255) COLLATE utf8_unicode_ci DEFAULT NULL,
  `slug` varchar(255) COLLATE utf8_unicode_ci NOT NULL,
  `meta_description` text COLLATE utf8_unicode_ci,
  `meta_keywords` text COLLATE utf8_unicode_ci,
  `status` enum('ACTIVE','INACTIVE') COLLATE utf8_unicode_ci NOT NULL DEFAULT 'INACTIVE',
  `created_at` timestamp NULL DEFAULT NULL,
  `updated_at` timestamp NULL DEFAULT NULL,
  PRIMARY KEY (`id`),
  UNIQUE KEY `pages_slug_unique` (`slug`)
) ENGINE=InnoDB AUTO_INCREMENT=2 DEFAULT CHARSET=utf8 COLLATE=utf8_unicode_ci;
/*!40101 SET character_set_client = @saved_cs_client */;

--
-- Dumping data for table `pages`
--

LOCK TABLES `pages` WRITE;
/*!40000 ALTER TABLE `pages` DISABLE KEYS */;
INSERT INTO `pages` VALUES (1,0,'Hello World','Hang the jib grog grog blossom grapple dance the hempen jig gangway pressgang bilge rat to go on account lugger. Nelsons folly gabion line draught scallywag fire ship gaff fluke fathom case shot. Sea Legs bilge rat sloop matey gabion long clothes run a shot across the bow Gold Road cog league.','<p>Hello World. Scallywag grog swab Cat o\'nine tails scuttle rigging hardtack cable nipper Yellow Jack. Handsomely spirits knave lad killick landlubber or just lubber deadlights chantey pinnace crack Jennys tea cup. Provost long clothes black spot Yellow Jack bilged on her anchor league lateen sail case shot lee tackle.</p>\n<p>Ballast spirits fluke topmast me quarterdeck schooner landlubber or just lubber gabion belaying pin. Pinnace stern galleon starboard warp carouser to go on account dance the hempen jig jolly boat measured fer yer chains. Man-of-war fire in the hole nipperkin handsomely doubloon barkadeer Brethren of the Coast gibbet driver squiffy.</p>','pages/page1.jpg','hello-world','Yar Meta Description','Keyword1, Keyword2','ACTIVE','2019-07-17 06:04:46','2019-07-17 06:04:46');
/*!40000 ALTER TABLE `pages` ENABLE KEYS */;
UNLOCK TABLES;

--
-- Table structure for table `password_resets`
--

DROP TABLE IF EXISTS `password_resets`;
/*!40101 SET @saved_cs_client     = @@character_set_client */;
/*!40101 SET character_set_client = utf8 */;
CREATE TABLE `password_resets` (
  `email` varchar(255) COLLATE utf8_unicode_ci NOT NULL,
  `token` varchar(255) COLLATE utf8_unicode_ci NOT NULL,
  `created_at` timestamp NULL DEFAULT NULL,
  KEY `password_resets_email_index` (`email`)
) ENGINE=InnoDB DEFAULT CHARSET=utf8 COLLATE=utf8_unicode_ci;
/*!40101 SET character_set_client = @saved_cs_client */;

--
-- Dumping data for table `password_resets`
--

LOCK TABLES `password_resets` WRITE;
/*!40000 ALTER TABLE `password_resets` DISABLE KEYS */;
INSERT INTO `password_resets` VALUES ('mmkumr.ping@gmail.com','$2y$10$SyOsosCAHe/0MUsG8Tb8oelF62S5F2AztZTmGRJ2drc3VQSOuZpa.','2019-11-25 21:38:26'),('mmkumr.ping@gmail.com','$2y$10$SyOsosCAHe/0MUsG8Tb8oelF62S5F2AztZTmGRJ2drc3VQSOuZpa.','2019-11-25 21:38:26');
/*!40000 ALTER TABLE `password_resets` ENABLE KEYS */;
UNLOCK TABLES;

--
-- Table structure for table `payments`
--

DROP TABLE IF EXISTS `payments`;
/*!40101 SET @saved_cs_client     = @@character_set_client */;
/*!40101 SET character_set_client = utf8 */;
CREATE TABLE `payments` (
  `id` int(10) unsigned NOT NULL AUTO_INCREMENT,
  `r_payment_id` varchar(255) COLLATE utf8_unicode_ci NOT NULL,
  `product_id` varchar(255) COLLATE utf8_unicode_ci NOT NULL,
  `user_id` varchar(255) COLLATE utf8_unicode_ci NOT NULL,
  `amount` varchar(255) COLLATE utf8_unicode_ci NOT NULL,
  `created_at` timestamp NULL DEFAULT NULL,
  `updated_at` timestamp NULL DEFAULT NULL,
  PRIMARY KEY (`id`)
) ENGINE=InnoDB AUTO_INCREMENT=3 DEFAULT CHARSET=utf8 COLLATE=utf8_unicode_ci;
/*!40101 SET character_set_client = @saved_cs_client */;

--
-- Dumping data for table `payments`
--

LOCK TABLES `payments` WRITE;
/*!40000 ALTER TABLE `payments` DISABLE KEYS */;
INSERT INTO `payments` VALUES (1,'pay_GVGQmYmSyJEshV','1','1','1000',NULL,NULL),(2,'pay_GVGS0WxZlCfEfg','2','1','1280',NULL,NULL);
/*!40000 ALTER TABLE `payments` ENABLE KEYS */;
UNLOCK TABLES;

--
-- Table structure for table `permission_groups`
--

DROP TABLE IF EXISTS `permission_groups`;
/*!40101 SET @saved_cs_client     = @@character_set_client */;
/*!40101 SET character_set_client = utf8 */;
CREATE TABLE `permission_groups` (
  `id` int(10) unsigned NOT NULL AUTO_INCREMENT,
  `name` varchar(255) COLLATE utf8_unicode_ci NOT NULL,
  PRIMARY KEY (`id`),
  UNIQUE KEY `permission_groups_name_unique` (`name`)
) ENGINE=InnoDB DEFAULT CHARSET=utf8 COLLATE=utf8_unicode_ci;
/*!40101 SET character_set_client = @saved_cs_client */;

--
-- Dumping data for table `permission_groups`
--

LOCK TABLES `permission_groups` WRITE;
/*!40000 ALTER TABLE `permission_groups` DISABLE KEYS */;
/*!40000 ALTER TABLE `permission_groups` ENABLE KEYS */;
UNLOCK TABLES;

--
-- Table structure for table `permission_role`
--

DROP TABLE IF EXISTS `permission_role`;
/*!40101 SET @saved_cs_client     = @@character_set_client */;
/*!40101 SET character_set_client = utf8 */;
CREATE TABLE `permission_role` (
  `permission_id` bigint(20) unsigned NOT NULL,
  `role_id` bigint(20) unsigned NOT NULL,
  PRIMARY KEY (`permission_id`,`role_id`),
  KEY `permission_role_permission_id_index` (`permission_id`),
  KEY `permission_role_role_id_index` (`role_id`),
  CONSTRAINT `permission_role_permission_id_foreign` FOREIGN KEY (`permission_id`) REFERENCES `permissions` (`id`) ON DELETE CASCADE,
  CONSTRAINT `permission_role_role_id_foreign` FOREIGN KEY (`role_id`) REFERENCES `roles` (`id`) ON DELETE CASCADE
) ENGINE=InnoDB DEFAULT CHARSET=utf8 COLLATE=utf8_unicode_ci;
/*!40101 SET character_set_client = @saved_cs_client */;

--
-- Dumping data for table `permission_role`
--

LOCK TABLES `permission_role` WRITE;
/*!40000 ALTER TABLE `permission_role` DISABLE KEYS */;
INSERT INTO `permission_role` VALUES (1,1),(1,3),(2,1),(2,3),(3,1),(4,1),(5,1),(6,1),(6,3),(7,1),(7,3),(8,1),(8,3),(9,1),(9,3),(10,1),(11,1),(11,3),(12,1),(12,3),(13,1),(13,3),(14,1),(14,3),(15,1),(16,1),(17,1),(18,1),(19,1),(20,1),(21,1),(22,1),(22,3),(23,1),(24,1),(25,1),(26,1),(26,3),(27,1),(27,3),(28,1),(28,3),(29,1),(29,3),(30,1),(31,1),(31,3),(32,1),(32,3),(33,1),(33,3),(34,1),(34,3),(35,1),(36,1),(36,3),(37,1),(37,3),(38,1),(38,3),(39,1),(39,3),(40,1),(41,1),(41,3),(42,1),(42,3),(43,1),(43,3),(44,1),(44,3),(45,1),(46,1),(46,3),(47,1),(47,3),(48,1),(48,3),(49,1),(49,3),(50,1),(51,1),(51,3),(52,1),(52,3),(53,1),(53,3),(54,1),(54,3),(55,1),(56,1),(56,3),(57,1),(57,3),(58,1),(58,3),(59,1),(59,3),(60,1),(61,1),(61,3),(62,1),(62,3),(63,1),(63,3),(64,1),(64,3),(65,1),(66,1),(67,1),(68,1),(69,1),(70,1),(71,1),(72,1),(73,1),(74,1),(75,1),(76,1),(77,1),(78,1),(79,1),(80,1),(86,1),(87,1),(88,1),(89,1),(90,1);
/*!40000 ALTER TABLE `permission_role` ENABLE KEYS */;
UNLOCK TABLES;

--
-- Table structure for table `permissions`
--

DROP TABLE IF EXISTS `permissions`;
/*!40101 SET @saved_cs_client     = @@character_set_client */;
/*!40101 SET character_set_client = utf8 */;
CREATE TABLE `permissions` (
  `id` bigint(20) unsigned NOT NULL AUTO_INCREMENT,
  `key` varchar(255) COLLATE utf8_unicode_ci NOT NULL,
  `table_name` varchar(255) COLLATE utf8_unicode_ci DEFAULT NULL,
  `created_at` timestamp NULL DEFAULT NULL,
  `updated_at` timestamp NULL DEFAULT NULL,
  `permission_group_id` int(10) unsigned DEFAULT NULL,
  PRIMARY KEY (`id`),
  KEY `permissions_key_index` (`key`)
) ENGINE=InnoDB AUTO_INCREMENT=91 DEFAULT CHARSET=utf8 COLLATE=utf8_unicode_ci;
/*!40101 SET character_set_client = @saved_cs_client */;

--
-- Dumping data for table `permissions`
--

LOCK TABLES `permissions` WRITE;
/*!40000 ALTER TABLE `permissions` DISABLE KEYS */;
INSERT INTO `permissions` VALUES (1,'browse_admin',NULL,'2019-07-17 06:04:41','2019-07-17 06:04:41',NULL),(2,'browse_bread',NULL,'2019-07-17 06:04:41','2019-07-17 06:04:41',NULL),(3,'browse_database',NULL,'2019-07-17 06:04:41','2019-07-17 06:04:41',NULL),(4,'browse_media',NULL,'2019-07-17 06:04:41','2019-07-17 06:04:41',NULL),(5,'browse_compass',NULL,'2019-07-17 06:04:41','2019-07-17 06:04:41',NULL),(6,'browse_menus','menus','2019-07-17 06:04:41','2019-07-17 06:04:41',NULL),(7,'read_menus','menus','2019-07-17 06:04:41','2019-07-17 06:04:41',NULL),(8,'edit_menus','menus','2019-07-17 06:04:41','2019-07-17 06:04:41',NULL),(9,'add_menus','menus','2019-07-17 06:04:41','2019-07-17 06:04:41',NULL),(10,'delete_menus','menus','2019-07-17 06:04:41','2019-07-17 06:04:41',NULL),(11,'browse_pages','pages','2019-07-17 06:04:41','2019-07-17 06:04:41',NULL),(12,'read_pages','pages','2019-07-17 06:04:41','2019-07-17 06:04:41',NULL),(13,'edit_pages','pages','2019-07-17 06:04:41','2019-07-17 06:04:41',NULL),(14,'add_pages','pages','2019-07-17 06:04:41','2019-07-17 06:04:41',NULL),(15,'delete_pages','pages','2019-07-17 06:04:42','2019-07-17 06:04:42',NULL),(16,'browse_roles','roles','2019-07-17 06:04:42','2019-07-17 06:04:42',NULL),(17,'read_roles','roles','2019-07-17 06:04:42','2019-07-17 06:04:42',NULL),(18,'edit_roles','roles','2019-07-17 06:04:42','2019-07-17 06:04:42',NULL),(19,'add_roles','roles','2019-07-17 06:04:42','2019-07-17 06:04:42',NULL),(20,'delete_roles','roles','2019-07-17 06:04:42','2019-07-17 06:04:42',NULL),(21,'browse_users','users','2019-07-17 06:04:42','2019-07-17 06:04:42',NULL),(22,'read_users','users','2019-07-17 06:04:42','2019-07-17 06:04:42',NULL),(23,'edit_users','users','2019-07-17 06:04:42','2019-07-17 06:04:42',NULL),(24,'add_users','users','2019-07-17 06:04:42','2019-07-17 06:04:42',NULL),(25,'delete_users','users','2019-07-17 06:04:42','2019-07-17 06:04:42',NULL),(26,'browse_posts','posts','2019-07-17 06:04:42','2019-07-17 06:04:42',NULL),(27,'read_posts','posts','2019-07-17 06:04:42','2019-07-17 06:04:42',NULL),(28,'edit_posts','posts','2019-07-17 06:04:42','2019-07-17 06:04:42',NULL),(29,'add_posts','posts','2019-07-17 06:04:42','2019-07-17 06:04:42',NULL),(30,'delete_posts','posts','2019-07-17 06:04:42','2019-07-17 06:04:42',NULL),(31,'browse_categories','categories','2019-07-17 06:04:42','2019-07-17 06:04:42',NULL),(32,'read_categories','categories','2019-07-17 06:04:42','2019-07-17 06:04:42',NULL),(33,'edit_categories','categories','2019-07-17 06:04:42','2019-07-17 06:04:42',NULL),(34,'add_categories','categories','2019-07-17 06:04:42','2019-07-17 06:04:42',NULL),(35,'delete_categories','categories','2019-07-17 06:04:43','2019-07-17 06:04:43',NULL),(36,'browse_settings','settings','2019-07-17 06:04:43','2019-07-17 06:04:43',NULL),(37,'read_settings','settings','2019-07-17 06:04:43','2019-07-17 06:04:43',NULL),(38,'edit_settings','settings','2019-07-17 06:04:43','2019-07-17 06:04:43',NULL),(39,'add_settings','settings','2019-07-17 06:04:43','2019-07-17 06:04:43',NULL),(40,'delete_settings','settings','2019-07-17 06:04:43','2019-07-17 06:04:43',NULL),(41,'browse_products','products','2019-07-17 06:04:51','2019-07-17 06:04:51',NULL),(42,'read_products','products','2019-07-17 06:04:51','2019-07-17 06:04:51',NULL),(43,'edit_products','products','2019-07-17 06:04:51','2019-07-17 06:04:51',NULL),(44,'add_products','products','2019-07-17 06:04:52','2019-07-17 06:04:52',NULL),(45,'delete_products','products','2019-07-17 06:04:52','2019-07-17 06:04:52',NULL),(46,'browse_coupons','coupons','2019-07-17 06:04:52','2019-07-17 06:04:52',NULL),(47,'read_coupons','coupons','2019-07-17 06:04:52','2019-07-17 06:04:52',NULL),(48,'edit_coupons','coupons','2019-07-17 06:04:52','2019-07-17 06:04:52',NULL),(49,'add_coupons','coupons','2019-07-17 06:04:52','2019-07-17 06:04:52',NULL),(50,'delete_coupons','coupons','2019-07-17 06:04:52','2019-07-17 06:04:52',NULL),(51,'browse_category','category','2019-07-17 06:04:52','2019-07-17 06:04:52',NULL),(52,'read_category','category','2019-07-17 06:04:52','2019-07-17 06:04:52',NULL),(53,'edit_category','category','2019-07-17 06:04:52','2019-07-17 06:04:52',NULL),(54,'add_category','category','2019-07-17 06:04:52','2019-07-17 06:04:52',NULL),(55,'delete_category','category','2019-07-17 06:04:52','2019-07-17 06:04:52',NULL),(56,'browse_category-product','category-product','2019-07-17 06:04:52','2019-07-17 06:04:52',NULL),(57,'read_category-product','category-product','2019-07-17 06:04:52','2019-07-17 06:04:52',NULL),(58,'edit_category-product','category-product','2019-07-17 06:04:53','2019-07-17 06:04:53',NULL),(59,'add_category-product','category-product','2019-07-17 06:04:53','2019-07-17 06:04:53',NULL),(60,'delete_category-product','category-product','2019-07-17 06:04:53','2019-07-17 06:04:53',NULL),(61,'browse_orders','orders','2019-07-17 06:04:53','2019-07-17 06:04:53',NULL),(62,'read_orders','orders','2019-07-17 06:04:53','2019-07-17 06:04:53',NULL),(63,'edit_orders','orders','2019-07-17 06:04:53','2019-07-17 06:04:53',NULL),(64,'add_orders','orders','2019-07-17 06:04:53','2019-07-17 06:04:53',NULL),(65,'delete_orders','orders','2019-07-17 06:04:53','2019-07-17 06:04:53',NULL),(66,'browse_subscribe','subscribe','2019-07-17 06:28:57','2019-07-17 06:28:57',NULL),(67,'read_subscribe','subscribe','2019-07-17 06:28:57','2019-07-17 06:28:57',NULL),(68,'edit_subscribe','subscribe','2019-07-17 06:28:57','2019-07-17 06:28:57',NULL),(69,'add_subscribe','subscribe','2019-07-17 06:28:57','2019-07-17 06:28:57',NULL),(70,'delete_subscribe','subscribe','2019-07-17 06:28:57','2019-07-17 06:28:57',NULL),(71,'browse_blocks','blocks','2019-11-18 04:55:02','2019-11-18 04:55:02',NULL),(72,'read_blocks','blocks','2019-11-18 04:55:02','2019-11-18 04:55:02',NULL),(73,'edit_blocks','blocks','2019-11-18 04:55:02','2019-11-18 04:55:02',NULL),(74,'add_blocks','blocks','2019-11-18 04:55:02','2019-11-18 04:55:02',NULL),(75,'delete_blocks','blocks','2019-11-18 04:55:02','2019-11-18 04:55:02',NULL),(76,'browse_weights','weights','2020-03-18 23:51:18','2020-03-18 23:51:18',NULL),(77,'read_weights','weights','2020-03-18 23:51:18','2020-03-18 23:51:18',NULL),(78,'edit_weights','weights','2020-03-18 23:51:18','2020-03-18 23:51:18',NULL),(79,'add_weights','weights','2020-03-18 23:51:18','2020-03-18 23:51:18',NULL),(80,'delete_weights','weights','2020-03-18 23:51:18','2020-03-18 23:51:18',NULL),(86,'browse_product_weight','product_weight','2020-03-19 01:14:15','2020-03-19 01:14:15',NULL),(87,'read_product_weight','product_weight','2020-03-19 01:14:15','2020-03-19 01:14:15',NULL),(88,'edit_product_weight','product_weight','2020-03-19 01:14:15','2020-03-19 01:14:15',NULL),(89,'add_product_weight','product_weight','2020-03-19 01:14:15','2020-03-19 01:14:15',NULL),(90,'delete_product_weight','product_weight','2020-03-19 01:14:15','2020-03-19 01:14:15',NULL);
/*!40000 ALTER TABLE `permissions` ENABLE KEYS */;
UNLOCK TABLES;

--
-- Table structure for table `posts`
--

DROP TABLE IF EXISTS `posts`;
/*!40101 SET @saved_cs_client     = @@character_set_client */;
/*!40101 SET character_set_client = utf8 */;
CREATE TABLE `posts` (
  `id` int(10) unsigned NOT NULL AUTO_INCREMENT,
  `author_id` int(11) NOT NULL,
  `category_id` int(11) DEFAULT NULL,
  `title` varchar(255) COLLATE utf8_unicode_ci NOT NULL,
  `seo_title` varchar(255) COLLATE utf8_unicode_ci DEFAULT NULL,
  `excerpt` text COLLATE utf8_unicode_ci,
  `body` text COLLATE utf8_unicode_ci NOT NULL,
  `image` varchar(255) COLLATE utf8_unicode_ci DEFAULT NULL,
  `slug` varchar(255) COLLATE utf8_unicode_ci NOT NULL,
  `meta_description` text COLLATE utf8_unicode_ci,
  `meta_keywords` text COLLATE utf8_unicode_ci,
  `status` enum('PUBLISHED','DRAFT','PENDING') COLLATE utf8_unicode_ci NOT NULL DEFAULT 'DRAFT',
  `featured` tinyint(1) NOT NULL DEFAULT '0',
  `created_at` timestamp NULL DEFAULT NULL,
  `updated_at` timestamp NULL DEFAULT NULL,
  PRIMARY KEY (`id`),
  UNIQUE KEY `posts_slug_unique` (`slug`)
) ENGINE=InnoDB AUTO_INCREMENT=5 DEFAULT CHARSET=utf8 COLLATE=utf8_unicode_ci;
/*!40101 SET character_set_client = @saved_cs_client */;

--
-- Dumping data for table `posts`
--

LOCK TABLES `posts` WRITE;
/*!40000 ALTER TABLE `posts` DISABLE KEYS */;
INSERT INTO `posts` VALUES (1,0,NULL,'Lorem Ipsum Post',NULL,'This is the excerpt for the Lorem Ipsum Post','<p>This is the body of the lorem ipsum post</p>','posts/post1.jpg','lorem-ipsum-post','This is the meta description','keyword1, keyword2, keyword3','PUBLISHED',0,'2019-07-17 06:04:46','2019-07-17 06:04:46'),(2,0,NULL,'My Sample Post',NULL,'This is the excerpt for the sample Post','<p>This is the body for the sample post, which includes the body.</p>\n                <h2>We can use all kinds of format!</h2>\n                <p>And include a bunch of other stuff.</p>','posts/post2.jpg','my-sample-post','Meta Description for sample post','keyword1, keyword2, keyword3','PUBLISHED',0,'2019-07-17 06:04:46','2019-07-17 06:04:46'),(3,0,NULL,'Latest Post',NULL,'This is the excerpt for the latest post','<p>This is the body for the latest post</p>','posts/post3.jpg','latest-post','This is the meta description','keyword1, keyword2, keyword3','PUBLISHED',0,'2019-07-17 06:04:46','2019-07-17 06:04:46'),(4,0,NULL,'Yarr Post',NULL,'Reef sails nipperkin bring a spring upon her cable coffer jury mast spike marooned Pieces of Eight poop deck pillage. Clipper driver coxswain galleon hempen halter come about pressgang gangplank boatswain swing the lead. Nipperkin yard skysail swab lanyard Blimey bilge water ho quarter Buccaneer.','<p>Swab deadlights Buccaneer fire ship square-rigged dance the hempen jig weigh anchor cackle fruit grog furl. Crack Jennys tea cup chase guns pressgang hearties spirits hogshead Gold Road six pounders fathom measured fer yer chains. Main sheet provost come about trysail barkadeer crimp scuttle mizzenmast brig plunder.</p>\n<p>Mizzen league keelhaul galleon tender cog chase Barbary Coast doubloon crack Jennys tea cup. Blow the man down lugsail fire ship pinnace cackle fruit line warp Admiral of the Black strike colors doubloon. Tackle Jack Ketch come about crimp rum draft scuppers run a shot across the bow haul wind maroon.</p>\n<p>Interloper heave down list driver pressgang holystone scuppers tackle scallywag bilged on her anchor. Jack Tar interloper draught grapple mizzenmast hulk knave cable transom hogshead. Gaff pillage to go on account grog aft chase guns piracy yardarm knave clap of thunder.</p>','posts/post4.jpg','yarr-post','this be a meta descript','keyword1, keyword2, keyword3','PUBLISHED',0,'2019-07-17 06:04:46','2019-07-17 06:04:46');
/*!40000 ALTER TABLE `posts` ENABLE KEYS */;
UNLOCK TABLES;

--
-- Table structure for table `product_weight`
--

DROP TABLE IF EXISTS `product_weight`;
/*!40101 SET @saved_cs_client     = @@character_set_client */;
/*!40101 SET character_set_client = utf8 */;
CREATE TABLE `product_weight` (
  `product_id` int(10) unsigned DEFAULT NULL,
  `weight_id` int(10) unsigned DEFAULT NULL,
  `created_at` timestamp NULL DEFAULT NULL,
  `updated_at` timestamp NULL DEFAULT NULL,
  KEY `product_weight_product_id_foreign` (`product_id`),
  KEY `product_weight_weight_id_foreign` (`weight_id`)
) ENGINE=MyISAM DEFAULT CHARSET=utf8 COLLATE=utf8_unicode_ci;
/*!40101 SET character_set_client = @saved_cs_client */;

--
-- Dumping data for table `product_weight`
--

LOCK TABLES `product_weight` WRITE;
/*!40000 ALTER TABLE `product_weight` DISABLE KEYS */;
INSERT INTO `product_weight` VALUES (96,2,'2020-03-20 18:19:24','2020-03-20 18:19:24'),(96,3,'2020-03-20 18:19:24','2020-03-20 18:19:24'),(97,2,'2020-03-21 00:13:01','2020-03-21 00:13:01'),(97,3,'2020-03-21 00:13:01','2020-03-21 00:13:01'),(98,6,'2020-03-21 22:40:29','2020-03-21 22:40:29'),(98,5,'2020-03-21 22:40:29','2020-03-21 22:40:29'),(98,4,'2020-03-21 22:40:29','2020-03-21 22:40:29'),(98,3,'2020-03-21 22:40:29','2020-03-21 22:40:29'),(98,2,'2020-03-21 22:40:29','2020-03-21 22:40:29'),(98,1,'2020-03-21 22:40:29','2020-03-21 22:40:29'),(99,6,'2020-03-21 22:40:55','2020-03-21 22:40:55'),(99,5,'2020-03-21 22:40:55','2020-03-21 22:40:55'),(99,4,'2020-03-21 22:40:55','2020-03-21 22:40:55'),(99,3,'2020-03-21 22:40:55','2020-03-21 22:40:55'),(99,2,'2020-03-21 22:40:55','2020-03-21 22:40:55'),(99,1,'2020-03-21 22:40:55','2020-03-21 22:40:55'),(101,6,'2020-03-21 22:41:18','2020-03-21 22:41:18'),(101,5,'2020-03-21 22:41:18','2020-03-21 22:41:18'),(101,4,'2020-03-21 22:41:18','2020-03-21 22:41:18'),(101,3,'2020-03-21 22:41:18','2020-03-21 22:41:18'),(101,2,'2020-03-21 22:41:18','2020-03-21 22:41:18'),(101,1,'2020-03-21 22:41:18','2020-03-21 22:41:18'),(102,6,'2020-03-21 23:30:34','2020-03-21 23:30:34'),(102,5,'2020-03-21 23:30:34','2020-03-21 23:30:34'),(102,4,'2020-03-21 23:30:34','2020-03-21 23:30:34'),(102,3,'2020-03-21 23:30:34','2020-03-21 23:30:34'),(102,2,'2020-03-21 23:30:34','2020-03-21 23:30:34'),(102,1,'2020-03-21 23:30:34','2020-03-21 23:30:34'),(103,1,'2020-03-21 22:50:41','2020-03-21 22:50:41'),(103,2,'2020-03-21 22:50:41','2020-03-21 22:50:41'),(103,3,'2020-03-21 22:50:41','2020-03-21 22:50:41'),(103,4,'2020-03-21 22:50:41','2020-03-21 22:50:41'),(103,5,'2020-03-21 22:50:41','2020-03-21 22:50:41'),(103,6,'2020-03-21 22:50:41','2020-03-21 22:50:41'),(104,1,'2020-03-21 22:55:13','2020-03-21 22:55:13'),(104,2,'2020-03-21 22:55:13','2020-03-21 22:55:13'),(104,3,'2020-03-21 22:55:13','2020-03-21 22:55:13'),(104,4,'2020-03-21 22:55:13','2020-03-21 22:55:13'),(104,5,'2020-03-21 22:55:13','2020-03-21 22:55:13'),(104,6,'2020-03-21 22:55:13','2020-03-21 22:55:13'),(105,1,'2020-03-21 23:01:30','2020-03-21 23:01:30'),(105,2,'2020-03-21 23:01:30','2020-03-21 23:01:30'),(105,3,'2020-03-21 23:01:30','2020-03-21 23:01:30'),(105,4,'2020-03-21 23:01:30','2020-03-21 23:01:30'),(105,5,'2020-03-21 23:01:30','2020-03-21 23:01:30'),(105,6,'2020-03-21 23:01:30','2020-03-21 23:01:30'),(106,1,'2020-03-21 23:09:06','2020-03-21 23:09:06'),(106,2,'2020-03-21 23:09:06','2020-03-21 23:09:06'),(106,3,'2020-03-21 23:09:06','2020-03-21 23:09:06'),(106,4,'2020-03-21 23:09:06','2020-03-21 23:09:06'),(106,5,'2020-03-21 23:09:06','2020-03-21 23:09:06'),(106,6,'2020-03-21 23:09:06','2020-03-21 23:09:06'),(107,1,'2020-03-21 23:11:46','2020-03-21 23:11:46'),(107,2,'2020-03-21 23:11:47','2020-03-21 23:11:47'),(107,3,'2020-03-21 23:11:47','2020-03-21 23:11:47'),(107,4,'2020-03-21 23:11:47','2020-03-21 23:11:47'),(107,5,'2020-03-21 23:11:47','2020-03-21 23:11:47'),(107,6,'2020-03-21 23:11:47','2020-03-21 23:11:47'),(108,6,'2020-03-21 23:24:35','2020-03-21 23:24:35'),(108,5,'2020-03-21 23:24:35','2020-03-21 23:24:35'),(108,4,'2020-03-21 23:24:35','2020-03-21 23:24:35'),(108,3,'2020-03-21 23:24:35','2020-03-21 23:24:35'),(108,2,'2020-03-21 23:24:35','2020-03-21 23:24:35'),(108,1,'2020-03-21 23:24:35','2020-03-21 23:24:35'),(109,1,'2020-03-21 23:23:42','2020-03-21 23:23:42'),(109,2,'2020-03-21 23:23:42','2020-03-21 23:23:42'),(109,3,'2020-03-21 23:23:42','2020-03-21 23:23:42'),(109,4,'2020-03-21 23:23:42','2020-03-21 23:23:42'),(109,5,'2020-03-21 23:23:42','2020-03-21 23:23:42'),(109,6,'2020-03-21 23:23:42','2020-03-21 23:23:42'),(110,1,'2020-03-21 23:26:33','2020-03-21 23:26:33'),(110,2,'2020-03-21 23:26:33','2020-03-21 23:26:33'),(110,3,'2020-03-21 23:26:33','2020-03-21 23:26:33'),(110,4,'2020-03-21 23:26:33','2020-03-21 23:26:33'),(110,5,'2020-03-21 23:26:33','2020-03-21 23:26:33'),(110,6,'2020-03-21 23:26:33','2020-03-21 23:26:33'),(111,2,'2020-03-21 23:29:10','2020-03-21 23:29:10'),(111,3,'2020-03-21 23:29:10','2020-03-21 23:29:10'),(111,4,'2020-03-21 23:29:10','2020-03-21 23:29:10'),(111,5,'2020-03-21 23:29:10','2020-03-21 23:29:10'),(111,6,'2020-03-21 23:29:10','2020-03-21 23:29:10'),(112,6,'2020-03-21 23:48:10','2020-03-21 23:48:10'),(112,5,'2020-03-21 23:48:10','2020-03-21 23:48:10'),(112,4,'2020-03-21 23:48:10','2020-03-21 23:48:10'),(112,3,'2020-03-21 23:48:10','2020-03-21 23:48:10'),(112,2,'2020-03-21 23:48:10','2020-03-21 23:48:10'),(112,1,'2020-03-21 23:48:10','2020-03-21 23:48:10'),(113,6,'2020-03-21 23:48:33','2020-03-21 23:48:33'),(113,5,'2020-03-21 23:48:33','2020-03-21 23:48:33'),(113,4,'2020-03-21 23:48:33','2020-03-21 23:48:33'),(113,3,'2020-03-21 23:48:33','2020-03-21 23:48:33'),(113,2,'2020-03-21 23:48:33','2020-03-21 23:48:33'),(113,1,'2020-03-21 23:48:33','2020-03-21 23:48:33'),(114,6,'2020-03-21 23:49:48','2020-03-21 23:49:48'),(114,5,'2020-03-21 23:49:48','2020-03-21 23:49:48'),(114,4,'2020-03-21 23:49:48','2020-03-21 23:49:48'),(114,3,'2020-03-21 23:49:48','2020-03-21 23:49:48'),(114,2,'2020-03-21 23:49:48','2020-03-21 23:49:48'),(114,1,'2020-03-21 23:49:48','2020-03-21 23:49:48'),(115,1,'2020-03-21 23:47:19','2020-03-21 23:47:19'),(115,2,'2020-03-21 23:47:19','2020-03-21 23:47:19'),(115,3,'2020-03-21 23:47:19','2020-03-21 23:47:19'),(115,4,'2020-03-21 23:47:19','2020-03-21 23:47:19'),(115,5,'2020-03-21 23:47:19','2020-03-21 23:47:19'),(115,6,'2020-03-21 23:47:19','2020-03-21 23:47:19'),(116,6,'2020-03-22 19:14:46','2020-03-22 19:14:46'),(116,5,'2020-03-22 19:14:46','2020-03-22 19:14:46'),(116,4,'2020-03-22 19:14:46','2020-03-22 19:14:46'),(116,3,'2020-03-22 19:14:46','2020-03-22 19:14:46'),(116,2,'2020-03-22 19:14:46','2020-03-22 19:14:46'),(116,1,'2020-03-22 19:14:46','2020-03-22 19:14:46'),(117,6,'2020-03-22 19:13:49','2020-03-22 19:13:49'),(117,5,'2020-03-22 19:13:49','2020-03-22 19:13:49'),(117,4,'2020-03-22 19:13:49','2020-03-22 19:13:49'),(117,3,'2020-03-22 19:13:49','2020-03-22 19:13:49'),(117,2,'2020-03-22 19:13:49','2020-03-22 19:13:49'),(117,1,'2020-03-22 19:13:49','2020-03-22 19:13:49'),(118,6,'2020-03-22 01:08:48','2020-03-22 01:08:48'),(118,5,'2020-03-22 01:08:48','2020-03-22 01:08:48'),(118,4,'2020-03-22 01:08:48','2020-03-22 01:08:48'),(118,3,'2020-03-22 01:08:48','2020-03-22 01:08:48'),(118,2,'2020-03-22 01:08:48','2020-03-22 01:08:48'),(118,1,'2020-03-22 01:08:48','2020-03-22 01:08:48'),(119,1,'2020-03-22 01:03:46','2020-03-22 01:03:46'),(119,2,'2020-03-22 01:03:46','2020-03-22 01:03:46'),(119,3,'2020-03-22 01:03:46','2020-03-22 01:03:46'),(119,4,'2020-03-22 01:03:46','2020-03-22 01:03:46'),(119,5,'2020-03-22 01:03:46','2020-03-22 01:03:46'),(119,6,'2020-03-22 01:03:46','2020-03-22 01:03:46'),(120,1,'2020-03-22 01:06:01','2020-03-22 01:06:01'),(120,2,'2020-03-22 01:06:01','2020-03-22 01:06:01'),(120,3,'2020-03-22 01:06:01','2020-03-22 01:06:01'),(120,4,'2020-03-22 01:06:01','2020-03-22 01:06:01'),(120,5,'2020-03-22 01:06:01','2020-03-22 01:06:01'),(120,6,'2020-03-22 01:06:01','2020-03-22 01:06:01'),(121,1,'2020-03-22 01:14:00','2020-03-22 01:14:00'),(121,2,'2020-03-22 01:14:00','2020-03-22 01:14:00'),(121,3,'2020-03-22 01:14:00','2020-03-22 01:14:00'),(121,4,'2020-03-22 01:14:00','2020-03-22 01:14:00'),(121,5,'2020-03-22 01:14:00','2020-03-22 01:14:00'),(121,6,'2020-03-22 01:14:00','2020-03-22 01:14:00'),(122,1,'2020-03-22 01:16:52','2020-03-22 01:16:52'),(122,2,'2020-03-22 01:16:52','2020-03-22 01:16:52'),(122,3,'2020-03-22 01:16:52','2020-03-22 01:16:52'),(122,4,'2020-03-22 01:16:52','2020-03-22 01:16:52'),(122,5,'2020-03-22 01:16:52','2020-03-22 01:16:52'),(122,6,'2020-03-22 01:16:52','2020-03-22 01:16:52'),(123,6,'2020-03-22 01:29:05','2020-03-22 01:29:05'),(123,5,'2020-03-22 01:29:05','2020-03-22 01:29:05'),(123,4,'2020-03-22 01:29:05','2020-03-22 01:29:05'),(123,3,'2020-03-22 01:29:05','2020-03-22 01:29:05'),(123,2,'2020-03-22 01:29:05','2020-03-22 01:29:05'),(123,1,'2020-03-22 01:29:05','2020-03-22 01:29:05'),(124,1,'2020-03-22 01:25:47','2020-03-22 01:25:47'),(124,2,'2020-03-22 01:25:47','2020-03-22 01:25:47'),(124,3,'2020-03-22 01:25:47','2020-03-22 01:25:47'),(124,4,'2020-03-22 01:25:47','2020-03-22 01:25:47'),(124,5,'2020-03-22 01:25:47','2020-03-22 01:25:47'),(124,6,'2020-03-22 01:25:47','2020-03-22 01:25:47'),(125,1,'2020-03-22 01:28:13','2020-03-22 01:28:13'),(125,2,'2020-03-22 01:28:13','2020-03-22 01:28:13'),(125,3,'2020-03-22 01:28:13','2020-03-22 01:28:13'),(125,4,'2020-03-22 01:28:13','2020-03-22 01:28:13'),(125,5,'2020-03-22 01:28:13','2020-03-22 01:28:13'),(125,6,'2020-03-22 01:28:13','2020-03-22 01:28:13'),(126,6,'2020-03-22 01:42:09','2020-03-22 01:42:09'),(126,5,'2020-03-22 01:42:09','2020-03-22 01:42:09'),(126,4,'2020-03-22 01:42:09','2020-03-22 01:42:09'),(126,3,'2020-03-22 01:42:09','2020-03-22 01:42:09'),(126,2,'2020-03-22 01:42:09','2020-03-22 01:42:09'),(127,1,'2020-03-22 01:35:07','2020-03-22 01:35:07'),(127,2,'2020-03-22 01:35:07','2020-03-22 01:35:07'),(127,3,'2020-03-22 01:35:07','2020-03-22 01:35:07'),(127,4,'2020-03-22 01:35:07','2020-03-22 01:35:07'),(127,5,'2020-03-22 01:35:07','2020-03-22 01:35:07'),(127,6,'2020-03-22 01:35:07','2020-03-22 01:35:07'),(128,1,'2020-03-22 01:41:52','2020-03-22 01:41:52'),(128,2,'2020-03-22 01:41:52','2020-03-22 01:41:52'),(128,3,'2020-03-22 01:41:52','2020-03-22 01:41:52'),(128,4,'2020-03-22 01:41:52','2020-03-22 01:41:52'),(128,5,'2020-03-22 01:41:52','2020-03-22 01:41:52'),(128,6,'2020-03-22 01:41:52','2020-03-22 01:41:52'),(129,1,'2020-03-22 01:44:01','2020-03-22 01:44:01'),(129,2,'2020-03-22 01:44:01','2020-03-22 01:44:01'),(129,3,'2020-03-22 01:44:01','2020-03-22 01:44:01'),(129,4,'2020-03-22 01:44:01','2020-03-22 01:44:01'),(129,5,'2020-03-22 01:44:01','2020-03-22 01:44:01'),(129,6,'2020-03-22 01:44:01','2020-03-22 01:44:01'),(130,1,'2020-03-22 01:46:00','2020-03-22 01:46:00'),(130,2,'2020-03-22 01:46:00','2020-03-22 01:46:00'),(130,3,'2020-03-22 01:46:00','2020-03-22 01:46:00'),(130,4,'2020-03-22 01:46:00','2020-03-22 01:46:00'),(130,5,'2020-03-22 01:46:00','2020-03-22 01:46:00'),(130,6,'2020-03-22 01:46:00','2020-03-22 01:46:00'),(131,1,'2020-03-22 01:49:39','2020-03-22 01:49:39'),(131,2,'2020-03-22 01:49:39','2020-03-22 01:49:39'),(131,3,'2020-03-22 01:49:39','2020-03-22 01:49:39'),(131,4,'2020-03-22 01:49:39','2020-03-22 01:49:39'),(131,5,'2020-03-22 01:49:39','2020-03-22 01:49:39'),(131,6,'2020-03-22 01:49:39','2020-03-22 01:49:39'),(132,1,'2020-03-22 01:51:56','2020-03-22 01:51:56'),(132,2,'2020-03-22 01:51:56','2020-03-22 01:51:56'),(132,3,'2020-03-22 01:51:56','2020-03-22 01:51:56'),(132,4,'2020-03-22 01:51:56','2020-03-22 01:51:56'),(132,5,'2020-03-22 01:51:56','2020-03-22 01:51:56'),(132,6,'2020-03-22 01:51:56','2020-03-22 01:51:56');
/*!40000 ALTER TABLE `product_weight` ENABLE KEYS */;
UNLOCK TABLES;

--
-- Table structure for table `products`
--

DROP TABLE IF EXISTS `products`;
/*!40101 SET @saved_cs_client     = @@character_set_client */;
/*!40101 SET character_set_client = utf8 */;
CREATE TABLE `products` (
  `id` int(10) unsigned NOT NULL AUTO_INCREMENT,
  `name` varchar(255) COLLATE utf8_unicode_ci NOT NULL,
  `slug` varchar(255) COLLATE utf8_unicode_ci NOT NULL,
  `details` varchar(255) COLLATE utf8_unicode_ci DEFAULT NULL,
  `price` int(11) NOT NULL,
  `description` text COLLATE utf8_unicode_ci NOT NULL,
  `featured` tinyint(1) NOT NULL DEFAULT '0',
  `quantity` int(10) unsigned NOT NULL DEFAULT '10',
  `image` varchar(255) COLLATE utf8_unicode_ci DEFAULT NULL,
  `images` text COLLATE utf8_unicode_ci,
  `created_at` timestamp NULL DEFAULT NULL,
  `updated_at` timestamp NULL DEFAULT NULL,
  PRIMARY KEY (`id`),
  UNIQUE KEY `products_name_unique` (`name`),
  UNIQUE KEY `products_slug_unique` (`slug`)
) ENGINE=InnoDB AUTO_INCREMENT=133 DEFAULT CHARSET=utf8 COLLATE=utf8_unicode_ci;
/*!40101 SET character_set_client = @saved_cs_client */;

--
-- Dumping data for table `products`
--

LOCK TABLES `products` WRITE;
/*!40000 ALTER TABLE `products` DISABLE KEYS */;
INSERT INTO `products` VALUES (86,'Veg Biryani','veg-biryani','Items:- Veg Biryani, gravy, salad',4000,'--',1,20,'products/February2020/Vr1NFqr2kIobMXMvrzda.jpg',NULL,'2020-02-13 08:28:00','2020-03-04 02:12:00'),(87,'Veg Meal','veg-meal','Items:- Rice, Curry, Fry, Dal',4000,'--',1,20,'products/February2020/JvwDFAQ11CLwYMx9TLt2.jpg',NULL,'2020-02-13 09:44:00','2020-03-04 02:11:00'),(88,'Cold Coffee','cold-coffee',NULL,7000,'--',0,19,'products/March2020/tDjJq4XbWC84FYa0DIJK.jpg',NULL,'2020-03-08 23:14:00','2020-03-20 23:59:53'),(89,'Strawberry lush','strawberry-lush',NULL,7500,'--',0,19,'products/March2020/fgYkVZlHHtzKh3sJms9v.jpg',NULL,'2020-03-09 01:00:00','2020-03-20 18:12:51'),(90,'Mango lush','mango-lush',NULL,7500,'--',0,20,'products/March2020/S5T7mjuRVXUn6b7u1beS.jpg',NULL,'2020-03-09 01:04:00','2020-03-09 01:04:00'),(91,'Chocolate lush','chocolate-lush',NULL,7500,'--',0,20,'products/March2020/LOOZCAhLOizxLQKesFkg.jpg',NULL,'2020-03-09 01:12:00','2020-03-08 19:44:34'),(92,'Badam Thandai','badam-thandai',NULL,7500,'--',0,20,'products/March2020/TaDQUGqxCQEJff2mybMO.jpg',NULL,'2020-03-09 01:16:00','2020-03-09 01:16:00'),(93,'Oreo Shake','oreo-shake',NULL,7500,'--',0,20,'products/March2020/AtiXNNVmjhW7YMfi06UP.jpg',NULL,'2020-03-09 01:19:00','2020-03-09 01:19:00'),(98,'Almond Flakes Cake','almond-flakes-cake',NULL,43000,'--',0,20,'products/March2020/lVE5ph3H95sLzntnbHon.png',NULL,'2020-03-22 03:56:00','2020-03-21 22:40:28'),(99,'Black Currant','black-currant2',NULL,38000,'--',0,20,'products/March2020/Hem31zFP8dzp37Uprw10.png',NULL,'2020-03-22 04:00:00','2020-03-21 22:40:55'),(101,'Black Currant with cherry','black-currant',NULL,38000,'--',0,20,'products/March2020/hbNDW5JlgF4HGD6l9BtK.png',NULL,'2020-03-22 04:03:00','2020-03-21 22:41:18'),(102,'Black Forest Choco chips on the top','black-forest',NULL,38000,'--',0,20,'products/March2020/Z89AInKVkAfhcQy0GAdQ.png',NULL,'2020-03-22 04:10:00','2020-03-21 23:30:33'),(103,'Black Forest','black-forest1',NULL,38000,'--',0,20,'products/March2020/31uazZ2tgikjxpqYiv2d.JPG',NULL,'2020-03-22 04:21:00','2020-03-22 04:21:00'),(104,'Blue Berry','blue-berry',NULL,38000,'--',0,20,'products/March2020/WmwFFgU3tZlx2zJeMA3t.jpeg',NULL,'2020-03-22 04:26:00','2020-03-22 04:26:00'),(105,'Butter Scotch(New Design)','butter-scotch',NULL,38000,'--',0,20,'products/March2020/OnCs1uBcIstBAvJmaHlh.png',NULL,'2020-03-22 04:32:00','2020-03-22 04:32:00'),(106,'Butter Scotch','butter-scotch1',NULL,38000,'--',0,20,'products/March2020/AlnCzEzT4ey0dKEceZnF.png',NULL,'2020-03-22 04:39:00','2020-03-22 04:39:00'),(107,'Coffee and Chocolate','coffee-and-chocolate',NULL,43000,'--',0,20,'products/March2020/9d5kF7nZIxJtCabTOu0b.png',NULL,'2020-03-22 04:42:00','2020-03-22 04:42:00'),(108,'Dark Chocolate with Cherries in the center','dark-chocolate2',NULL,43000,'--',0,20,'products/March2020/f66FjIRU4qlqUAnMfSnM.png',NULL,'2020-03-22 04:47:00','2020-03-21 23:20:00'),(109,'Dark Chocolate with Cherries','dark-chocolate3',NULL,43000,'--',0,20,'products/March2020/9uSb794uKnUqOXvYbKPx.png',NULL,'2020-03-22 04:54:00','2020-03-22 04:54:00'),(110,'Dark Chocolate','dark-chocolate4',NULL,43000,'--',0,20,'products/March2020/gNlBjZOMWnhFeVeEn7wz.png',NULL,'2020-03-22 04:57:00','2020-03-22 04:57:00'),(111,'Dark Chocolate(heart shape)','dark-chocolate',NULL,43000,'--',0,20,'products/March2020/lnXb5t29Tl1KX6EEGLUC.png',NULL,'2020-03-22 05:00:00','2020-03-22 05:00:00'),(112,'Dark Chocolate(Special Design)','dark-chocolate5',NULL,68000,'--',0,20,'products/March2020/sSzdANbW8D32IHLLyE6j.jpeg',NULL,'2020-03-22 05:04:00','2020-03-21 23:47:00'),(113,'Fresh Mango Cake','fresh-mango-cake',NULL,38000,'--',0,20,'products/March2020/iDJ3myCZQHlgQwC9nKFt.jpeg',NULL,'2020-03-22 05:10:00','2020-03-21 23:44:00'),(114,'Pineapple cake(Square Shape)','pinepple-cake2',NULL,43000,'--',0,20,'products/March2020/8wEGTxX8JQX5m8uJQwqK.png',NULL,'2020-03-22 05:15:00','2020-03-21 23:45:00'),(115,'Pineapple cake','pinepple-cake',NULL,43000,'--',0,20,'products/March2020/j8ALPDKR8wTKuB3t74ga.png',NULL,'2020-03-22 05:18:00','2020-03-22 05:18:00'),(116,'Honey Almond','honey-almond',NULL,48000,'--',0,20,'products/March2020/I8oy6wnsbeLgqVTuZ5SB.jpeg',NULL,'2020-03-10 06:04:00','2020-03-10 06:04:00'),(117,'KItkat Germs Cake','kitkat-germs-cake',NULL,68000,'--',0,20,'products/March2020/HfgwTJikSagjIEyDNN07.jpeg',NULL,'2020-03-19 00:41:00','2020-03-19 00:41:00'),(118,'Mix Fruit','mix-fruit',NULL,43000,'--',0,20,'products/March2020/gBSKZXooeprI3CtJEj7F.jpeg',NULL,'2020-03-22 06:33:00','2020-03-22 01:08:47'),(119,'Mix Fruit design 2','mix-fruit2',NULL,43000,'--',0,20,'products/March2020/IQOXZBs9DJYy7zjQwWfh.jpeg',NULL,'2020-03-22 06:35:00','2020-03-22 06:35:00'),(120,'Mix Fruit design 3','mix-fruit3',NULL,43000,'--',0,20,'products/March2020/3KUBqDpYaKAFCmXsI7RL.jpeg',NULL,'2020-03-22 06:37:00','2020-03-22 06:37:00'),(121,'Pineapple cake(New Design)','pinepple-cake3',NULL,33000,'--',0,20,'products/March2020/vuezj0Tpmaz8lFdlXkwU.png',NULL,'2020-03-22 06:45:00','2020-03-22 06:45:00'),(122,'Pineapple with Cherries in the center','pinepple-cake4',NULL,33000,'--',0,20,'products/March2020/yHVDphRlcbHr1r5dHVWl.png',NULL,'2020-03-22 06:48:00','2020-03-22 06:48:00'),(123,'Pineapple with almonds and cherry','pinepple-cake5',NULL,43000,'--',0,20,'products/March2020/tT3zL6jmKEYI6nWv8uxQ.png',NULL,'2020-03-22 06:50:00','2020-03-22 01:21:00'),(124,'Red Velvate(Sandwitch style)','red-velvate','This cake must be ordered before one day.',48000,'--',0,20,'products/March2020/MZptfdPuEBeLcwjY0RXE.png',NULL,'2020-03-22 06:57:00','2020-03-22 06:57:00'),(125,'Red Velvate','red-velvate2','This cake must be ordered before one day.',48000,'--',0,20,'products/March2020/ficWpKGVm8AvcgXG5YEW.png',NULL,'2020-03-22 06:59:00','2020-03-22 06:59:00'),(126,'Red Velvate(Heart Shaped)','red-velvate3','This cake must be ordered before one day.',48000,'--',0,20,'products/March2020/OPD6o5JsSG1TJSukJ8aC.png',NULL,'2020-03-22 07:02:00','2020-03-22 07:02:00'),(127,'Strawberry cake','strawberry-cake',NULL,38000,'--',0,20,'products/March2020/l4DeepH09uizwW3SSpaZ.png',NULL,'2020-03-22 07:06:00','2020-03-22 07:06:00'),(128,'Vanilla Cake','vanilla-cake',NULL,33000,'--',0,20,'products/March2020/aIXegPAidO7KMjQMiA1T.jpeg',NULL,'2020-03-22 07:13:00','2020-03-22 07:13:00'),(129,'Vanilla Cake(Rose design)','vanilla-cake2',NULL,33000,'--',0,20,'products/March2020/SNM9UdxyHa3HDzk8IepC.jpeg',NULL,'2020-03-22 07:15:00','2020-03-22 07:15:00'),(130,'Vanilla Cake(New design)','vanilla-cake3',NULL,33000,'--',0,20,'products/March2020/s2Vpj5nVXWWdLzn2jZJf.png',NULL,'2020-03-22 07:17:00','2020-03-22 07:17:00'),(131,'White Forest','white-forest',NULL,38000,'--',0,20,'products/March2020/0P8D14Og2k1pPjrAiZtU.png',NULL,'2020-03-22 07:20:00','2020-03-22 07:20:00'),(132,'White chocolate(Choco stick design)','white-forest2',NULL,40000,'--',0,20,'products/March2020/oe8pQIDGOGYSCk2XwafV.jpeg',NULL,'2020-03-22 07:23:00','2020-03-22 07:23:00');
/*!40000 ALTER TABLE `products` ENABLE KEYS */;
UNLOCK TABLES;

--
-- Table structure for table `roles`
--

DROP TABLE IF EXISTS `roles`;
/*!40101 SET @saved_cs_client     = @@character_set_client */;
/*!40101 SET character_set_client = utf8 */;
CREATE TABLE `roles` (
  `id` bigint(20) unsigned NOT NULL AUTO_INCREMENT,
  `name` varchar(255) COLLATE utf8_unicode_ci NOT NULL,
  `display_name` varchar(255) COLLATE utf8_unicode_ci NOT NULL,
  `created_at` timestamp NULL DEFAULT NULL,
  `updated_at` timestamp NULL DEFAULT NULL,
  PRIMARY KEY (`id`),
  UNIQUE KEY `roles_name_unique` (`name`)
) ENGINE=InnoDB AUTO_INCREMENT=4 DEFAULT CHARSET=utf8 COLLATE=utf8_unicode_ci;
/*!40101 SET character_set_client = @saved_cs_client */;

--
-- Dumping data for table `roles`
--

LOCK TABLES `roles` WRITE;
/*!40000 ALTER TABLE `roles` DISABLE KEYS */;
INSERT INTO `roles` VALUES (1,'admin','Administrator','2019-07-17 06:04:41','2019-07-17 06:04:41'),(2,'user','Normal User','2019-07-17 06:04:41','2019-07-17 06:04:41'),(3,'adminweb','Admin Web','2019-07-17 06:04:51','2019-07-17 06:04:51');
/*!40000 ALTER TABLE `roles` ENABLE KEYS */;
UNLOCK TABLES;

--
-- Table structure for table `settings`
--

DROP TABLE IF EXISTS `settings`;
/*!40101 SET @saved_cs_client     = @@character_set_client */;
/*!40101 SET character_set_client = utf8 */;
CREATE TABLE `settings` (
  `id` int(10) unsigned NOT NULL AUTO_INCREMENT,
  `key` varchar(255) COLLATE utf8_unicode_ci NOT NULL,
  `display_name` varchar(255) COLLATE utf8_unicode_ci NOT NULL,
  `value` text COLLATE utf8_unicode_ci,
  `details` text COLLATE utf8_unicode_ci,
  `type` varchar(255) COLLATE utf8_unicode_ci NOT NULL,
  `order` int(11) NOT NULL DEFAULT '1',
  `group` varchar(255) COLLATE utf8_unicode_ci DEFAULT NULL,
  PRIMARY KEY (`id`),
  UNIQUE KEY `settings_key_unique` (`key`)
) ENGINE=InnoDB AUTO_INCREMENT=12 DEFAULT CHARSET=utf8 COLLATE=utf8_unicode_ci;
/*!40101 SET character_set_client = @saved_cs_client */;

--
-- Dumping data for table `settings`
--

LOCK TABLES `settings` WRITE;
/*!40000 ALTER TABLE `settings` DISABLE KEYS */;
INSERT INTO `settings` VALUES (1,'site.title','Site Title','Site Title','','text',1,'Site'),(2,'site.description','Site Description','Site Description','','text',2,'Site'),(3,'site.logo','Site Logo','','','image',3,'Site'),(4,'site.google_analytics_tracking_id','Google Analytics Tracking ID','','','text',4,'Site'),(5,'admin.bg_image','Admin Background Image','','','image',5,'Admin'),(6,'admin.title','Admin Title','Voyager','','text',1,'Admin'),(7,'admin.description','Admin Description','Welcome to Voyager. The Missing Admin for Laravel','','text',2,'Admin'),(8,'admin.loader','Admin Loader','','','image',3,'Admin'),(9,'admin.icon_image','Admin Icon Image','','','image',4,'Admin'),(10,'admin.google_analytics_client_id','Google Analytics Client ID (used for admin dashboard)','','','text',1,'Admin'),(11,'site.stock_threshold','Stock Threshold','5','','text',6,'Site');
/*!40000 ALTER TABLE `settings` ENABLE KEYS */;
UNLOCK TABLES;

--
-- Table structure for table `subscribe`
--

DROP TABLE IF EXISTS `subscribe`;
/*!40101 SET @saved_cs_client     = @@character_set_client */;
/*!40101 SET character_set_client = utf8 */;
CREATE TABLE `subscribe` (
  `id` int(10) unsigned NOT NULL AUTO_INCREMENT,
  `name` varchar(255) COLLATE utf8_unicode_ci NOT NULL,
  `email` varchar(255) COLLATE utf8_unicode_ci NOT NULL,
  `created_at` timestamp NULL DEFAULT NULL,
  `updated_at` timestamp NULL DEFAULT NULL,
  PRIMARY KEY (`id`),
  UNIQUE KEY `subscribe_email_unique` (`email`)
) ENGINE=InnoDB AUTO_INCREMENT=3 DEFAULT CHARSET=utf8 COLLATE=utf8_unicode_ci;
/*!40101 SET character_set_client = @saved_cs_client */;

--
-- Dumping data for table `subscribe`
--

LOCK TABLES `subscribe` WRITE;
/*!40000 ALTER TABLE `subscribe` DISABLE KEYS */;
INSERT INTO `subscribe` VALUES (1,'Amit Patro','amit.patro400@gmail.com','2019-08-18 14:00:14','2019-08-18 14:00:14'),(2,'Vegifruit','vegifruitcare@gmail.com','2019-08-18 14:09:04','2019-08-18 14:09:04');
/*!40000 ALTER TABLE `subscribe` ENABLE KEYS */;
UNLOCK TABLES;

--
-- Table structure for table `translations`
--

DROP TABLE IF EXISTS `translations`;
/*!40101 SET @saved_cs_client     = @@character_set_client */;
/*!40101 SET character_set_client = utf8 */;
CREATE TABLE `translations` (
  `id` int(10) unsigned NOT NULL AUTO_INCREMENT,
  `table_name` varchar(255) COLLATE utf8_unicode_ci NOT NULL,
  `column_name` varchar(255) COLLATE utf8_unicode_ci NOT NULL,
  `foreign_key` int(10) unsigned NOT NULL,
  `locale` varchar(255) COLLATE utf8_unicode_ci NOT NULL,
  `value` text COLLATE utf8_unicode_ci NOT NULL,
  `created_at` timestamp NULL DEFAULT NULL,
  `updated_at` timestamp NULL DEFAULT NULL,
  PRIMARY KEY (`id`),
  UNIQUE KEY `translations_table_name_column_name_foreign_key_locale_unique` (`table_name`,`column_name`,`foreign_key`,`locale`)
) ENGINE=InnoDB AUTO_INCREMENT=31 DEFAULT CHARSET=utf8 COLLATE=utf8_unicode_ci;
/*!40101 SET character_set_client = @saved_cs_client */;

--
-- Dumping data for table `translations`
--

LOCK TABLES `translations` WRITE;
/*!40000 ALTER TABLE `translations` DISABLE KEYS */;
INSERT INTO `translations` VALUES (1,'data_types','display_name_singular',1,'pt','Post','2019-07-17 06:04:46','2019-07-17 06:04:46'),(2,'data_types','display_name_singular',2,'pt','Pgina','2019-07-17 06:04:46','2019-07-17 06:04:46'),(3,'data_types','display_name_singular',3,'pt','Utilizador','2019-07-17 06:04:46','2019-07-17 06:04:46'),(4,'data_types','display_name_singular',4,'pt','Categoria','2019-07-17 06:04:46','2019-07-17 06:04:46'),(5,'data_types','display_name_singular',5,'pt','Menu','2019-07-17 06:04:46','2019-07-17 06:04:46'),(6,'data_types','display_name_singular',6,'pt','Funo','2019-07-17 06:04:46','2019-07-17 06:04:46'),(7,'data_types','display_name_plural',1,'pt','Posts','2019-07-17 06:04:46','2019-07-17 06:04:46'),(8,'data_types','display_name_plural',2,'pt','Pginas','2019-07-17 06:04:46','2019-07-17 06:04:46'),(9,'data_types','display_name_plural',3,'pt','Utilizadores','2019-07-17 06:04:46','2019-07-17 06:04:46'),(10,'data_types','display_name_plural',4,'pt','Categorias','2019-07-17 06:04:46','2019-07-17 06:04:46'),(11,'data_types','display_name_plural',5,'pt','Menus','2019-07-17 06:04:47','2019-07-17 06:04:47'),(12,'data_types','display_name_plural',6,'pt','Funes','2019-07-17 06:04:47','2019-07-17 06:04:47'),(13,'categories','slug',1,'pt','categoria-1','2019-07-17 06:04:47','2019-07-17 06:04:47'),(14,'categories','name',1,'pt','Categoria 1','2019-07-17 06:04:47','2019-07-17 06:04:47'),(15,'categories','slug',2,'pt','categoria-2','2019-07-17 06:04:47','2019-07-17 06:04:47'),(16,'categories','name',2,'pt','Categoria 2','2019-07-17 06:04:47','2019-07-17 06:04:47'),(17,'pages','title',1,'pt','Ol Mundo','2019-07-17 06:04:47','2019-07-17 06:04:47'),(18,'pages','slug',1,'pt','ola-mundo','2019-07-17 06:04:47','2019-07-17 06:04:47'),(19,'pages','body',1,'pt','<p>Ol Mundo. Scallywag grog swab Cat o\'nine tails scuttle rigging hardtack cable nipper Yellow Jack. Handsomely spirits knave lad killick landlubber or just lubber deadlights chantey pinnace crack Jennys tea cup. Provost long clothes black spot Yellow Jack bilged on her anchor league lateen sail case shot lee tackle.</p>\r\n<p>Ballast spirits fluke topmast me quarterdeck schooner landlubber or just lubber gabion belaying pin. Pinnace stern galleon starboard warp carouser to go on account dance the hempen jig jolly boat measured fer yer chains. Man-of-war fire in the hole nipperkin handsomely doubloon barkadeer Brethren of the Coast gibbet driver squiffy.</p>','2019-07-17 06:04:47','2019-07-17 06:04:47'),(20,'menu_items','title',1,'pt','Painel de Controle','2019-07-17 06:04:47','2019-07-17 06:04:47'),(21,'menu_items','title',2,'pt','Media','2019-07-17 06:04:47','2019-07-17 06:04:47'),(22,'menu_items','title',3,'pt','Publicaes','2019-07-17 06:04:47','2019-07-17 06:04:47'),(23,'menu_items','title',4,'pt','Utilizadores','2019-07-17 06:04:47','2019-07-17 06:04:47'),(24,'menu_items','title',5,'pt','Categorias','2019-07-17 06:04:47','2019-07-17 06:04:47'),(25,'menu_items','title',6,'pt','Pginas','2019-07-17 06:04:47','2019-07-17 06:04:47'),(26,'menu_items','title',7,'pt','Funes','2019-07-17 06:04:47','2019-07-17 06:04:47'),(27,'menu_items','title',8,'pt','Ferramentas','2019-07-17 06:04:47','2019-07-17 06:04:47'),(28,'menu_items','title',9,'pt','Menus','2019-07-17 06:04:47','2019-07-17 06:04:47'),(29,'menu_items','title',10,'pt','Base de dados','2019-07-17 06:04:47','2019-07-17 06:04:47'),(30,'menu_items','title',12,'pt','Configuraes','2019-07-17 06:04:47','2019-07-17 06:04:47');
/*!40000 ALTER TABLE `translations` ENABLE KEYS */;
UNLOCK TABLES;

--
-- Table structure for table `user_roles`
--

DROP TABLE IF EXISTS `user_roles`;
/*!40101 SET @saved_cs_client     = @@character_set_client */;
/*!40101 SET character_set_client = utf8 */;
CREATE TABLE `user_roles` (
  `user_id` int(10) unsigned NOT NULL,
  `role_id` bigint(20) unsigned NOT NULL,
  PRIMARY KEY (`user_id`,`role_id`),
  KEY `user_roles_user_id_index` (`user_id`),
  KEY `user_roles_role_id_index` (`role_id`),
  CONSTRAINT `user_roles_role_id_foreign` FOREIGN KEY (`role_id`) REFERENCES `roles` (`id`) ON DELETE CASCADE,
  CONSTRAINT `user_roles_user_id_foreign` FOREIGN KEY (`user_id`) REFERENCES `users` (`id`) ON DELETE CASCADE
) ENGINE=InnoDB DEFAULT CHARSET=utf8 COLLATE=utf8_unicode_ci;
/*!40101 SET character_set_client = @saved_cs_client */;

--
-- Dumping data for table `user_roles`
--

LOCK TABLES `user_roles` WRITE;
/*!40000 ALTER TABLE `user_roles` DISABLE KEYS */;
/*!40000 ALTER TABLE `user_roles` ENABLE KEYS */;
UNLOCK TABLES;

--
-- Table structure for table `users`
--

DROP TABLE IF EXISTS `users`;
/*!40101 SET @saved_cs_client     = @@character_set_client */;
/*!40101 SET character_set_client = utf8 */;
CREATE TABLE `users` (
  `id` int(10) unsigned NOT NULL AUTO_INCREMENT,
  `dp` varchar(255) COLLATE utf8_unicode_ci DEFAULT 'users/default.jpg',
  `role_id` bigint(20) unsigned DEFAULT NULL,
  `name` varchar(255) COLLATE utf8_unicode_ci NOT NULL,
  `email` varchar(255) COLLATE utf8_unicode_ci NOT NULL,
  `avatar` varchar(255) COLLATE utf8_unicode_ci DEFAULT 'users/default.jpg',
  `phone` bigint(20) unsigned DEFAULT NULL,
  `block` varchar(255) COLLATE utf8_unicode_ci DEFAULT NULL,
  `address` varchar(255) COLLATE utf8_unicode_ci DEFAULT NULL,
  `city` varchar(255) COLLATE utf8_unicode_ci DEFAULT NULL,
  `state` varchar(255) COLLATE utf8_unicode_ci DEFAULT NULL,
  `pin_code` int(10) unsigned DEFAULT NULL,
  `password` varchar(255) COLLATE utf8_unicode_ci NOT NULL,
  `wallet` int(10) unsigned DEFAULT '0',
  `referred` tinyint(1) NOT NULL DEFAULT '0',
  `remember_token` varchar(100) COLLATE utf8_unicode_ci DEFAULT NULL,
  `settings` text COLLATE utf8_unicode_ci,
  `created_at` timestamp NULL DEFAULT NULL,
  `updated_at` timestamp NULL DEFAULT NULL,
  PRIMARY KEY (`id`),
  UNIQUE KEY `users_email_unique` (`email`),
  KEY `users_role_id_foreign` (`role_id`),
  CONSTRAINT `users_role_id_foreign` FOREIGN KEY (`role_id`) REFERENCES `roles` (`id`)
) ENGINE=InnoDB AUTO_INCREMENT=18 DEFAULT CHARSET=utf8 COLLATE=utf8_unicode_ci;
/*!40101 SET character_set_client = @saved_cs_client */;

--
-- Dumping data for table `users`
--

LOCK TABLES `users` WRITE;
/*!40000 ALTER TABLE `users` DISABLE KEYS */;
INSERT INTO `users` VALUES (1,'users/default.jpg',1,'Admin','vegifruit@admin.com','users/default.jpg',NULL,NULL,NULL,NULL,NULL,NULL,'$2y$10$UBP6yf4M3EUZ0CxTdahbnek1re8jBInvHFIPfoLLb6KvCZMP0/Jja',0,0,'hrLFR5zExmJazS2I8hDOMH3IBg9huubsQBwY8K5IKbCvgKo5y8QgUSUmxnmb',NULL,'2019-07-17 06:04:46','2019-07-17 06:04:46'),(4,'users/mmkumr.ping@gmail.com.jpg',2,'Mukesh Kumar','mmkumr.ping@gmail.com','users/default.jpg',8337908779,NULL,'Co-operative colony lane 3rd','Berhampur','Orissa',760004,'$2y$10$MHetZXIwuZoPOK6DPzKXNeBnxqr1GB4RguTlBGHjF4RSLoSSEuy9O',0,0,NULL,NULL,'2019-07-25 13:49:38','2019-07-25 13:49:38'),(9,'users/users/default.jpg',2,'Suraj Kumar Marandi','singhsuraj215@gmail.com','users/default.jpg',7327862134,'Ambapua','Mamta Apartment','Brahmapur','Odisha',761003,'$2y$10$cpyfnEB2IXANDc17Ca0fh.bAkno0wTLj2hvBHSq5DDrmcfZ5ZJT8K',0,0,NULL,NULL,'2019-12-02 00:55:20','2019-12-02 00:55:20'),(10,'users/sudhansusekhar04313@gmail.com.jpg',2,'Sudhansu','sudhansusekhar04313@gmail.com','users/default.jpg',7978760113,'Ankuli','Brundaban nagar','Brahmapur','Odisha',760010,'$2y$10$xgDlqKgWHXdQ7bz9TTf5Le7BOU1PEbMPJ/lfivxPpYb5A4uMQ64Ua',0,0,NULL,NULL,'2019-12-02 13:57:46','2019-12-02 13:57:46'),(11,'users/users/default.jpg',2,'Sambit','sambit956@gmail.com','users/default.jpg',8917438216,'Ambapua','Pakudibandha','Brahmapur','Odisha',754103,'$2y$10$viexnQBv3b6SaXhst6mfautFRFrjUwgAttdms2SVMGrgUQNdk4n.e',0,0,NULL,NULL,'2019-12-03 21:46:30','2019-12-03 21:46:30'),(12,'users/users/default.jpg',2,'Arjun','yofewol294@mailmink.com','users/default.jpg',8210009861,'Ambapua','Pmec boys hostel 2','Brahmapur','Odisha',731001,'$2y$10$hlX/h/949v.NmAe.j0GVCuuQiDop4860ohVswUo8erJwysgxSftL2',0,0,NULL,NULL,'2020-02-15 02:07:44','2020-02-15 02:24:16'),(13,'users/users/default.jpg',2,'Manaswani','manaswanimallik@gmail.com','users/default.jpg',7008913302,'Ambapua','Girls hostel ,parala Maharaja engineering college, sitallapalli near narendrapur','Brahmapur','Odisha',761003,'$2y$10$szDRerEdSWWGE7HnchziFu8Tkwhx0.sKcfR2UFDHXyTUywKYT1opa',0,0,NULL,NULL,'2020-02-18 00:42:58','2020-02-18 00:42:58'),(14,'users/users/default.jpg',2,'Balaram Panda','pandabalram67@gmail.com','users/default.jpg',9938997943,'Ayodhya Nagar','Ayodhya nagar','Brahmapur','Odisha',760004,'$2y$10$vRaS.qA1EghQ9JWddSrH7OIQTucE8CXCDF4QNm8Y5QEbnErE1UAkm',0,0,NULL,NULL,'2020-02-18 04:35:59','2020-02-18 04:36:00'),(15,'users/users/default.jpg',2,'Subrat Kumar Behera','subratkumarbehera46@gmail.com','users/default.jpg',7008940612,'Narendrapur','Near sbi atm front','Brahmapur','Odisha',760007,'$2y$10$npPQWD72/Bq84M5OPA78OOhAEh2JjdlxiJwOIXcWf.gN0gCsVLDBW',0,0,NULL,NULL,'2020-02-22 14:12:46','2020-02-22 14:12:46'),(16,'users/users/default.jpg',2,'Kunal Bose','kunalbose234@gmail.com','users/default.jpg',6372924644,'Narendrapur','Sbi ATM narendrapur','Brahmapur','Odisha',760007,'$2y$10$wq6xpLQSa4tmQEOwMI3kuegY7aCLYwK5jbAd/AUS2mkX79qRm20hK',0,0,NULL,NULL,'2020-02-26 18:42:20','2020-02-26 18:42:20'),(17,'users/users/default.jpg',2,'CH KRUSHNA PRASAD','reddykrushnaprasad17@gmail.com','users/default.jpg',7608873069,'PMEC','Surya nagar','Brahmapur','Odisha',760010,'$2y$10$gwsImUuKthGmW0O0AiT.g.TD8NYGN8EoPsTyfGkU230fNEWBSfzga',0,0,NULL,NULL,'2020-03-20 00:50:59','2020-03-20 00:50:59');
/*!40000 ALTER TABLE `users` ENABLE KEYS */;
UNLOCK TABLES;

--
-- Table structure for table `weights`
--

DROP TABLE IF EXISTS `weights`;
/*!40101 SET @saved_cs_client     = @@character_set_client */;
/*!40101 SET character_set_client = utf8 */;
CREATE TABLE `weights` (
  `id` int(10) unsigned NOT NULL AUTO_INCREMENT,
  `weight` double(8,2) NOT NULL,
  `created_at` timestamp NULL DEFAULT NULL,
  `updated_at` timestamp NULL DEFAULT NULL,
  PRIMARY KEY (`id`)
) ENGINE=MyISAM AUTO_INCREMENT=7 DEFAULT CHARSET=utf8mb4 COLLATE=utf8mb4_unicode_ci;
/*!40101 SET character_set_client = @saved_cs_client */;

--
-- Dumping data for table `weights`
--

LOCK TABLES `weights` WRITE;
/*!40000 ALTER TABLE `weights` DISABLE KEYS */;
INSERT INTO `weights` VALUES (1,0.50,'2020-03-19 05:24:00','2020-03-19 05:24:00'),(2,1.00,'2020-03-19 05:25:00','2020-03-19 05:25:00'),(3,1.50,'2020-03-19 05:25:00','2020-03-19 05:25:00'),(4,2.00,'2020-03-19 05:26:00','2020-03-19 05:26:00'),(5,2.50,'2020-03-19 05:27:00','2020-03-19 05:27:00'),(6,3.00,'2020-03-19 05:27:00','2020-03-19 05:27:00');
/*!40000 ALTER TABLE `weights` ENABLE KEYS */;
UNLOCK TABLES;
/*!40103 SET TIME_ZONE=@OLD_TIME_ZONE */;

/*!40101 SET SQL_MODE=@OLD_SQL_MODE */;
/*!40014 SET FOREIGN_KEY_CHECKS=@OLD_FOREIGN_KEY_CHECKS */;
/*!40014 SET UNIQUE_CHECKS=@OLD_UNIQUE_CHECKS */;
/*!40101 SET CHARACTER_SET_CLIENT=@OLD_CHARACTER_SET_CLIENT */;
/*!40101 SET CHARACTER_SET_RESULTS=@OLD_CHARACTER_SET_RESULTS */;
/*!40101 SET COLLATION_CONNECTION=@OLD_COLLATION_CONNECTION */;
/*!40111 SET SQL_NOTES=@OLD_SQL_NOTES */;

-- Dump completed on 2021-01-30 19:26:41
